life_expectancy,alcohol,hepatitis_b,measles,polio,diphtheria,hiv/aids
65.0,0.01,65.0,1154,6.0,65.0,0.1
59.9,0.01,62.0,492,58.0,62.0,0.1
59.9,0.01,64.0,430,62.0,64.0,0.1
59.5,0.01,67.0,2787,67.0,67.0,0.1
59.2,0.01,68.0,3013,68.0,68.0,0.1
58.8,0.01,66.0,1989,66.0,66.0,0.1
58.6,0.01,63.0,2861,63.0,63.0,0.1
58.1,0.03,64.0,1599,64.0,64.0,0.1
57.5,0.02,63.0,1141,63.0,63.0,0.1
57.3,0.03,64.0,1990,58.0,58.0,0.1
57.3,0.02,66.0,1296,58.0,58.0,0.1
57.0,0.02,67.0,466,5.0,5.0,0.1
56.7,0.01,65.0,798,41.0,41.0,0.1
56.2,0.01,64.0,2486,36.0,36.0,0.1
55.3,0.01,63.0,8762,35.0,33.0,0.1
54.8,0.01,62.0,6532,24.0,24.0,0.1
77.8,4.6,99.0,0,99.0,99.0,0.1
77.5,4.51,98.0,0,98.0,98.0,0.1
77.2,4.76,99.0,0,99.0,99.0,0.1
76.9,5.14,99.0,9,99.0,99.0,0.1
76.6,5.37,99.0,28,99.0,99.0,0.1
76.2,5.28,99.0,10,99.0,99.0,0.1
76.1,5.79,98.0,0,98.0,98.0,0.1
75.3,5.61,99.0,0,99.0,99.0,0.1
75.9,5.58,98.0,22,99.0,98.0,0.1
74.2,5.31,98.0,68,97.0,97.0,0.1
73.5,5.16,98.0,6,97.0,98.0,0.1
73.0,4.54,99.0,7,98.0,97.0,0.1
72.8,4.29,97.0,8,97.0,97.0,0.1
73.3,3.73,96.0,16,98.0,98.0,0.1
73.6,4.25,96.0,18,97.0,97.0,0.1
72.6,3.66,96.0,662,97.0,97.0,0.1
75.6,3.755,95.0,63,95.0,95.0,0.1
75.4,0.01,95.0,0,95.0,95.0,0.1
75.3,0.53,95.0,25,95.0,95.0,0.1
75.1,0.66,95.0,18,95.0,95.0,0.1
74.9,0.56,95.0,112,95.0,95.0,0.1
74.7,0.45,95.0,103,95.0,95.0,0.1
74.4,0.5,94.0,107,94.0,95.0,0.1
74.1,0.46,91.0,217,92.0,93.0,0.1
73.8,0.44,9.0,0,95.0,95.0,0.1
73.4,0.36,8.0,944,95.0,95.0,0.1
72.9,0.5,83.0,2302,88.0,88.0,0.1
72.3,0.45,81.0,3289,86.0,86.0,0.1
71.7,0.34,92.0,15374,87.0,87.0,0.1
71.6,0.36,92.0,5862,86.0,86.0,0.1
71.4,0.23,92.0,2686,89.0,89.0,0.1
71.3,0.25,92.0,0,86.0,86.0,0.1
52.4,3.755,64.0,118,7.0,64.0,1.9
51.7,8.33,64.0,11699,68.0,64.0,2.0
51.1,8.1,77.0,8523,67.0,77.0,2.3
56.0,8.24,75.0,4458,75.0,75.0,2.6
51.0,8.06,72.0,1449,73.0,71.0,2.5
49.6,7.8,77.0,1190,81.0,77.0,2.5
49.1,7.01,61.0,2807,63.0,6.0,2.5
48.7,7.07,69.0,265,65.0,69.0,2.6
48.2,6.35,73.0,1014,75.0,73.0,2.6
47.7,5.84,92.0,765,36.0,34.0,2.5
47.4,5.04,92.0,258,39.0,38.0,2.6
47.1,3.53,92.0,29,4.0,4.0,2.5
46.8,3.49,92.0,1196,4.0,4.0,2.4
46.5,2.82,92.0,11945,37.0,41.0,2.3
45.7,2.58,92.0,9046,41.0,38.0,2.1
45.3,1.85,92.0,2219,3.0,28.0,2.0
76.4,3.755,99.0,0,86.0,99.0,0.2
76.2,8.56,99.0,0,96.0,99.0,0.2
76.1,8.58,99.0,0,98.0,99.0,0.2
75.9,8.18,98.0,0,97.0,98.0,0.2
75.7,7.84,99.0,0,99.0,99.0,0.1
75.6,7.84,98.0,0,99.0,98.0,0.1
75.4,7.82,98.0,0,98.0,99.0,0.1
75.2,8.27,98.0,0,99.0,99.0,0.1
75.0,8.64,97.0,0,98.0,99.0,0.1
74.8,8.93,99.0,0,99.0,99.0,0.1
74.6,8.15,99.0,0,98.0,99.0,0.1
74.4,7.28,97.0,0,97.0,97.0,0.1
74.2,7.16,99.0,0,99.0,99.0,0.1
74.0,7.21,99.0,0,93.0,98.0,0.1
73.8,7.51,96.0,0,99.0,97.0,0.1
73.6,7.27,92.0,0,96.0,95.0,0.1
76.3,3.755,94.0,0,93.0,94.0,0.1
76.2,7.93,94.0,1,92.0,94.0,0.1
76.0,8.28,94.0,0,99.0,94.0,0.1
75.9,8.35,91.0,2,99.0,91.0,0.1
75.7,8.11,91.0,3,93.0,91.0,0.1
75.5,8.15,94.0,17,95.0,94.0,0.1
75.6,8.33,94.0,3,97.0,94.0,0.1
75.4,8.41,9.0,0,94.0,93.0,0.1
74.8,8.16,85.0,0,92.0,91.0,0.1
75.2,7.75,84.0,0,92.0,91.0,0.1
74.9,7.53,88.0,0,95.0,98.0,0.1
74.7,7.63,81.0,0,91.0,98.0,0.1
74.1,7.62,73.0,0,95.0,96.0,0.1
74.1,7.81,66.0,0,94.0,93.0,0.1
74.0,7.76,92.0,0,85.0,83.0,0.1
74.1,7.68,92.0,6,88.0,83.0,0.1
74.8,3.755,94.0,33,96.0,94.0,0.1
74.6,3.91,93.0,13,95.0,93.0,0.1
74.4,3.79,95.0,10,96.0,95.0,0.1
74.4,3.89,95.0,0,96.0,95.0,0.1
73.9,4.09,95.0,0,96.0,95.0,0.1
73.5,4.23,94.0,2,96.0,94.0,0.1
73.3,3.96,93.0,0,94.0,93.0,0.1
73.2,3.96,89.0,0,91.0,89.0,0.1
73.5,3.99,85.0,1,9.0,88.0,0.1
72.9,4.01,78.0,137,87.0,87.0,0.1
73.0,4.25,91.0,2281,92.0,9.0,0.1
73.0,3.81,91.0,1783,93.0,91.0,0.1
72.7,3.03,93.0,4,96.0,94.0,0.1
72.6,2.86,91.0,40,96.0,94.0,0.1
72.6,2.86,69.0,69,97.0,94.0,0.1
72.0,2.9,55.0,15,96.0,93.0,0.1
82.8,3.755,93.0,74,93.0,93.0,0.1
82.7,9.71,91.0,340,92.0,92.0,0.1
82.5,9.87,91.0,158,91.0,91.0,0.1
82.3,10.03,91.0,199,92.0,92.0,0.1
82.0,10.3,92.0,190,92.0,92.0,0.1
81.9,10.52,92.0,70,92.0,92.0,0.1
81.7,10.62,94.0,104,92.0,92.0,0.1
81.3,10.76,94.0,65,92.0,92.0,0.1
81.3,10.56,94.0,11,92.0,92.0,0.1
81.2,10.31,95.0,0,92.0,92.0,0.1
81.0,10.3,95.0,10,92.0,92.0,0.1
86.0,9.84,95.0,70,92.0,92.0,0.1
83.0,9.97,95.0,91,92.0,93.0,0.1
79.9,9.84,95.0,32,92.0,92.0,0.1
79.9,9.53,94.0,141,91.0,92.0,0.1
79.5,10.17,92.0,108,9.0,9.0,0.1
81.5,3.755,93.0,309,93.0,93.0,0.1
81.4,12.32,98.0,117,98.0,98.0,0.1
81.1,11.82,95.0,0,95.0,95.0,0.1
88.0,12.26,92.0,36,92.0,92.0,0.1
88.0,12.04,89.0,68,89.0,89.0,0.1
84.0,12.1,86.0,52,86.0,86.0,0.1
82.0,11.3,83.0,49,83.0,83.0,0.1
84.0,12.0,83.0,448,83.0,83.0,0.1
81.0,12.5,85.0,20,85.0,85.0,0.1
79.8,12.4,83.0,23,83.0,83.0,0.1
79.4,12.4,86.0,9,86.0,86.0,0.1
79.3,12.1,83.0,15,83.0,83.0,0.1
78.8,12.2,83.0,90,84.0,84.0,0.1
78.7,12.5,81.0,0,82.0,83.0,0.1
78.6,12.4,44.0,0,83.0,84.0,0.1
78.1,13.2,33.0,0,71.0,81.0,0.1
72.7,3.755,96.0,0,98.0,96.0,0.1
72.5,0.01,94.0,0,97.0,94.0,0.1
72.2,2.14,93.0,164,96.0,93.0,0.1
71.9,0.01,88.0,0,92.0,89.0,0.1
71.6,1.98,84.0,0,91.0,87.0,0.1
71.1,1.98,8.0,0,85.0,81.0,0.1
78.0,2.1,74.0,0,84.0,81.0,0.1
73.0,1.18,68.0,5,85.0,81.0,0.1
73.0,1.02,62.0,0,81.0,79.0,0.1
69.2,0.85,52.0,222,8.0,78.0,0.1
68.4,0.73,49.0,1238,79.0,75.0,0.1
68.4,0.62,5.0,827,78.0,77.0,0.1
67.8,0.55,51.0,1978,79.0,77.0,0.1
67.8,0.55,5.0,4353,8.0,76.0,0.1
67.5,0.51,92.0,574,77.0,77.0,0.1
66.6,0.65,92.0,210,75.0,76.0,0.1
76.1,3.755,95.0,0,95.0,95.0,0.1
75.4,9.45,96.0,0,96.0,96.0,0.1
74.8,9.42,97.0,0,97.0,97.0,0.1
74.9,9.5,96.0,0,99.0,98.0,0.2
75.0,9.34,95.0,0,97.0,98.0,0.1
75.0,9.19,98.0,0,97.0,99.0,0.2
74.6,9.29,95.0,0,97.0,96.0,0.1
74.5,10.15,9.0,0,93.0,93.0,0.1
74.4,10.75,93.0,0,95.0,95.0,0.1
74.2,11.07,96.0,0,94.0,95.0,0.1
74.1,10.49,93.0,0,93.0,93.0,0.1
73.8,10.1,93.0,0,92.0,93.0,0.1
73.2,10.68,88.0,0,93.0,92.0,0.1
73.1,10.85,89.0,0,93.0,94.0,0.1
72.9,11.64,21.0,0,98.0,99.0,0.2
72.6,12.15,92.0,0,91.0,99.0,0.1
76.9,3.755,98.0,0,98.0,98.0,0.1
76.8,1.57,98.0,46,98.0,98.0,0.1
76.7,1.65,99.0,0,99.0,99.0,0.1
76.5,1.7,99.0,0,99.0,99.0,0.1
76.1,1.66,99.0,0,99.0,99.0,0.1
76.1,1.93,99.0,0,99.0,99.0,0.1
76.0,1.95,98.0,3,97.0,98.0,0.1
75.8,2.0,97.0,2,97.0,97.0,0.1
75.6,2.0,97.0,7,97.0,97.0,0.1
75.5,2.1,98.0,3,98.0,98.0,0.1
75.3,2.05,98.0,4,98.0,98.0,0.1
75.2,2.16,98.0,11,98.0,98.0,0.1
75.0,2.16,98.0,12,97.0,97.0,0.1
74.9,1.99,98.0,8,98.0,98.0,0.1
74.7,1.95,99.0,5,99.0,99.0,0.1
74.5,2.15,97.0,6,97.0,97.0,0.1
71.8,3.755,97.0,240,97.0,97.0,0.1
71.4,0.01,97.0,289,97.0,97.0,0.1
71.0,0.01,96.0,237,96.0,96.0,0.1
77.0,0.01,94.0,1986,94.0,94.0,0.1
73.0,0.01,96.0,5625,96.0,96.0,0.1
69.9,0.01,94.0,788,94.0,94.0,0.1
69.5,0.01,97.0,718,97.0,97.0,0.1
69.1,0.01,96.0,2660,96.0,96.0,0.1
68.6,0.01,95.0,2924,96.0,94.0,0.1
68.2,0.01,86.0,6192,95.0,94.0,0.1
67.8,0.01,45.0,25934,94.0,93.0,0.1
67.3,0.01,11.0,9743,88.0,99.0,0.1
66.8,0.01,5.0,4067,9.0,87.0,0.1
66.3,0.01,92.0,3484,83.0,83.0,0.1
65.8,0.01,92.0,4414,85.0,85.0,0.1
65.3,0.01,92.0,5098,83.0,82.0,0.1
75.5,3.755,97.0,0,97.0,97.0,0.1
75.4,8.82,94.0,0,95.0,94.0,0.1
75.2,8.74,91.0,0,91.0,91.0,0.1
75.1,8.61,87.0,0,88.0,87.0,0.1
74.9,8.51,91.0,0,91.0,91.0,0.1
74.7,8.41,86.0,0,9.0,86.0,0.1
74.6,8.46,93.0,0,93.0,93.0,0.1
74.4,8.95,85.0,0,85.0,85.0,0.1
74.2,8.47,93.0,0,93.0,93.0,0.1
74.1,8.39,84.0,0,85.0,84.0,0.1
73.9,8.01,92.0,0,91.0,92.0,0.1
73.8,7.68,93.0,0,93.0,93.0,0.2
73.7,7.65,91.0,0,9.0,89.0,0.4
73.5,7.59,66.0,0,86.0,87.0,0.8
73.4,7.38,18.0,0,93.0,84.0,0.7
73.3,7.43,92.0,0,86.0,93.0,0.9
72.3,3.755,99.0,2,99.0,99.0,0.1
72.0,13.94,97.0,64,97.0,97.0,0.1
71.7,14.66,98.0,16,98.0,98.0,0.1
71.9,16.35,97.0,10,98.0,98.0,0.1
72.0,17.31,98.0,50,98.0,98.0,0.1
73.0,14.44,96.0,1,99.0,98.0,0.1
70.0,14.09,98.0,0,98.0,96.0,0.1
70.0,14.67,98.0,0,98.0,97.0,0.1
69.8,14.22,91.0,1,9.0,95.0,0.1
68.9,12.6,98.0,149,97.0,99.0,0.1
68.1,11.01,99.0,1,98.0,99.0,0.1
68.2,12.05,99.0,2,99.0,99.0,0.1
67.7,11.17,56.0,21,53.0,5.0,0.1
67.2,12.23,99.0,14,99.0,99.0,0.1
67.7,10.74,93.0,45,99.0,99.0,0.1
68.0,12.98,7.0,21,99.0,99.0,0.1
81.1,3.755,98.0,47,99.0,99.0,0.1
89.0,12.6,98.0,70,99.0,99.0,0.1
87.0,11.77,98.0,39,99.0,99.0,0.1
83.0,10.08,98.0,109,99.0,99.0,0.1
83.0,10.11,97.0,576,98.0,98.0,0.1
80.0,10.22,97.0,40,98.0,98.0,0.1
79.8,10.05,97.0,33,98.0,98.0,0.1
79.5,10.47,98.0,98,99.0,99.0,0.1
79.5,10.25,94.0,64,99.0,98.0,0.1
79.4,10.98,94.0,15,99.0,98.0,0.1
78.9,12.27,77.0,26,97.0,97.0,0.1
78.8,12.05,64.0,61,96.0,95.0,0.1
78.3,11.28,64.0,44,96.0,95.0,0.1
78.0,11.29,6.0,0,96.0,95.0,0.1
78.0,11.01,6.0,83,96.0,95.0,0.1
77.6,11.21,6.0,0,96.0,95.0,0.1
71.0,3.755,94.0,0,94.0,94.0,0.2
70.0,6.58,95.0,0,95.0,95.0,0.2
69.8,6.56,95.0,0,95.0,95.0,0.2
69.4,6.66,98.0,0,98.0,98.0,0.1
69.4,6.64,95.0,0,95.0,95.0,0.5
69.5,6.76,96.0,0,96.0,96.0,0.2
69.5,6.85,97.0,0,98.0,97.0,0.3
69.6,7.22,94.0,0,94.0,94.0,0.1
69.6,7.24,96.0,0,97.0,96.0,0.6
69.4,6.48,98.0,0,98.0,98.0,0.6
69.0,6.25,96.0,0,96.0,96.0,0.8
68.7,6.2,97.0,0,97.0,97.0,0.8
68.4,5.67,96.0,0,95.0,96.0,1.5
68.5,4.99,97.0,0,93.0,89.0,0.1
68.2,4.9,96.0,0,96.0,96.0,0.4
68.3,4.79,76.0,0,91.0,91.0,0.3
60.0,3.755,82.0,55,78.0,82.0,1.0
59.7,0.01,78.0,786,74.0,78.0,1.1
59.5,0.01,77.0,637,73.0,77.0,1.2
59.3,0.01,8.0,288,8.0,8.0,1.3
59.1,1.4,75.0,426,77.0,75.0,1.4
58.7,1.33,76.0,392,77.0,76.0,1.4
58.4,1.16,79.0,1461,8.0,79.0,1.6
57.6,1.28,75.0,928,77.0,75.0,1.8
57.1,1.12,82.0,341,82.0,82.0,2.0
56.8,1.19,74.0,176,76.0,74.0,2.0
56.5,1.13,7.0,210,73.0,7.0,2.1
56.1,1.15,75.0,262,74.0,72.0,2.1
55.8,1.35,73.0,217,75.0,73.0,2.1
55.6,1.23,15.0,1588,76.0,75.0,2.1
55.5,1.29,92.0,5859,77.0,76.0,2.1
55.4,1.34,92.0,4244,78.0,78.0,2.0
69.8,3.755,99.0,11,98.0,99.0,0.5
69.4,0.01,99.0,0,98.0,99.0,0.5
69.1,0.01,97.0,0,97.0,97.0,0.6
68.7,0.01,97.0,1,97.0,97.0,0.6
68.3,0.23,95.0,10,95.0,95.0,0.5
67.9,0.28,91.0,21,92.0,91.0,0.5
67.4,0.17,93.0,6,93.0,93.0,0.4
67.0,0.21,96.0,7,96.0,96.0,0.4
66.5,0.16,95.0,11,93.0,95.0,0.3
65.8,0.29,95.0,2,96.0,95.0,0.3
65.0,0.73,95.0,11,95.0,95.0,0.3
64.2,0.96,89.0,3,9.0,89.0,0.3
63.3,0.52,95.0,0,96.0,95.0,0.2
62.5,0.29,83.0,27,89.0,86.0,0.1
61.7,0.14,89.0,756,88.0,88.0,0.1
62.0,0.17,98.0,418,98.0,92.0,0.1
77.0,3.755,99.0,0,99.0,99.0,0.1
74.0,3.62,98.0,0,99.0,98.0,0.1
71.0,3.78,94.0,0,95.0,94.0,0.1
69.8,3.89,93.0,0,93.0,93.0,0.1
69.3,3.93,95.0,0,95.0,95.0,0.2
68.7,3.95,91.0,0,9.0,91.0,0.2
68.0,3.87,93.0,0,92.0,93.0,0.2
67.4,3.77,88.0,0,87.0,88.0,0.2
66.8,3.47,84.0,0,85.0,84.0,0.2
66.2,3.23,83.0,0,82.0,83.0,0.2
65.7,2.86,85.0,0,84.0,85.0,0.2
65.1,2.66,84.0,0,84.0,84.0,0.2
64.5,2.37,8.0,0,82.0,88.0,0.2
63.9,2.26,77.0,0,76.0,77.0,0.1
63.3,2.2,77.0,0,71.0,71.0,0.1
62.6,2.32,77.0,122,74.0,75.0,0.1
77.4,3.755,82.0,1677,74.0,82.0,0.1
77.2,4.03,89.0,3000,86.0,86.0,0.1
77.0,4.12,91.0,0,87.0,89.0,0.1
76.8,4.61,92.0,22,87.0,92.0,0.1
76.9,4.64,88.0,10,89.0,88.0,0.1
76.4,4.54,89.0,45,9.0,89.0,0.1
76.1,4.75,9.0,22,9.0,9.0,0.1
76.0,5.13,88.0,8,92.0,91.0,0.1
75.4,5.16,94.0,166,95.0,95.0,0.1
75.7,4.82,9.0,17,91.0,87.0,0.1
75.0,4.56,93.0,23,95.0,93.0,0.1
75.5,4.25,36.0,28,87.0,84.0,0.1
75.2,4.14,92.0,18,87.0,87.0,0.1
75.4,3.84,92.0,28,86.0,8.0,0.1
74.9,3.85,92.0,0,92.0,91.0,0.1
74.6,3.64,92.0,43,87.0,85.0,0.1
65.7,3.755,95.0,0,96.0,95.0,2.2
65.1,0.01,95.0,1,96.0,95.0,2.3
64.2,0.01,95.0,1,96.0,95.0,2.8
63.4,0.01,95.0,7,96.0,95.0,4.4
62.2,5.76,95.0,8,96.0,95.0,5.5
61.1,5.99,95.0,853,96.0,95.0,6.2
59.2,5.01,94.0,184,96.0,96.0,9.0
57.5,6.56,94.0,0,96.0,96.0,12.7
56.9,6.21,93.0,1,96.0,96.0,13.4
54.8,6.45,93.0,6,96.0,96.0,14.4
51.7,6.37,92.0,5,96.0,96.0,20.6
48.1,4.9,91.0,1,96.0,96.0,28.4
46.4,5.51,9.0,59,96.0,96.0,31.9
46.0,6.41,88.0,7,97.0,97.0,34.6
46.7,5.48,87.0,1,97.0,97.0,37.2
47.8,5.37,86.0,2672,97.0,97.0,38.8
75.0,3.755,96.0,214,98.0,96.0,0.1
74.8,7.32,96.0,876,96.0,93.0,0.1
74.7,7.24,96.0,220,96.0,97.0,0.1
74.5,7.55,96.0,2,96.0,95.0,0.1
74.1,7.58,98.0,43,98.0,99.0,0.1
73.8,7.52,96.0,68,99.0,99.0,0.1
73.6,7.33,99.0,0,99.0,99.0,0.1
73.4,7.21,96.0,0,99.0,99.0,0.1
73.3,7.19,99.0,0,99.0,99.0,0.1
73.0,7.1,99.0,57,99.0,99.0,0.1
72.7,6.97,98.0,6,99.0,99.0,0.1
72.0,6.85,96.0,0,99.0,99.0,0.1
71.8,6.95,97.0,2,99.0,99.0,0.1
71.4,7.0,92.0,1,99.0,99.0,0.1
71.0,7.13,91.0,1,99.0,98.0,0.1
75.0,7.26,94.0,36,99.0,98.0,0.1
77.7,3.755,99.0,4,99.0,99.0,0.1
77.6,0.01,99.0,1,99.0,99.0,0.1
77.1,0.01,98.0,0,99.0,99.0,0.1
78.3,0.01,99.0,1,99.0,99.0,0.1
77.4,0.97,93.0,4,99.0,97.0,0.1
76.9,0.88,96.0,0,99.0,95.0,0.1
76.8,0.25,96.0,2,99.0,99.0,0.1
77.2,0.67,96.0,3,97.0,98.0,0.1
76.0,0.85,97.0,0,95.0,99.0,0.1
76.3,0.67,99.0,0,94.0,97.0,0.1
76.2,0.16,99.0,9,93.0,94.0,0.1
76.4,0.11,99.0,16,92.0,92.0,0.1
76.0,0.12,99.0,24,99.0,92.0,0.1
74.8,0.13,99.0,0,99.0,94.0,0.1
74.7,0.47,99.0,11,99.0,97.0,0.1
74.4,0.37,99.0,42,99.0,99.0,0.1
74.5,3.755,92.0,0,91.0,91.0,0.1
74.3,12.03,95.0,0,88.0,88.0,0.1
74.1,12.06,95.0,14,95.0,95.0,0.1
73.9,10.99,95.0,1,95.0,95.0,0.1
73.7,10.67,96.0,157,95.0,95.0,0.1
73.4,10.8,95.0,22004,94.0,94.0,0.1
73.2,10.93,96.0,2249,94.0,94.0,0.1
72.9,10.98,96.0,1,96.0,95.0,0.1
72.6,10.89,95.0,1,95.0,95.0,0.1
72.2,10.39,96.0,1,96.0,95.0,0.1
72.1,10.48,96.0,3,97.0,96.0,0.1
72.2,10.96,94.0,0,94.0,95.0,0.1
72.0,11.19,96.0,0,96.0,96.0,0.1
71.8,10.2,88.0,0,94.0,93.0,0.1
71.6,10.72,93.0,8,94.0,94.0,0.1
71.1,9.69,94.0,46,94.0,93.0,0.1
59.9,3.755,91.0,99,91.0,91.0,0.6
59.3,0.01,91.0,343,91.0,91.0,0.6
59.0,4.64,88.0,375,89.0,88.0,0.7
58.6,4.75,9.0,7362,9.0,9.0,0.8
58.1,4.51,91.0,860,9.0,91.0,0.9
57.5,4.55,91.0,2511,9.0,91.0,1.0
56.9,4.55,92.0,54118,91.0,92.0,1.1
56.1,4.5,93.0,395,92.0,93.0,1.5
55.3,4.58,89.0,12,93.0,89.0,1.7
54.3,4.73,76.0,125,94.0,86.0,2.0
53.3,4.88,92.0,253,94.0,82.0,2.3
52.4,4.54,92.0,77,83.0,79.0,2.5
51.6,4.58,92.0,2946,83.0,79.0,2.9
51.0,4.53,92.0,1744,69.0,69.0,3.2
56.0,4.56,92.0,4174,62.0,62.0,3.6
51.0,3.71,92.0,6074,45.0,45.0,4.0
59.6,3.755,94.0,9,94.0,94.0,0.7
59.1,0.01,95.0,0,95.0,95.0,0.7
58.6,0.01,96.0,0,96.0,96.0,1.0
58.0,0.01,96.0,49,96.0,96.0,1.2
57.4,4.16,96.0,129,95.0,96.0,1.5
56.8,4.16,96.0,495,94.0,96.0,1.9
56.2,4.05,94.0,305,96.0,94.0,2.4
55.3,4.33,92.0,173,89.0,92.0,2.9
54.8,4.54,99.0,43,93.0,99.0,3.4
54.1,4.5,92.0,784,88.0,92.0,3.8
53.4,5.54,87.0,0,82.0,87.0,4.3
52.6,5.72,83.0,2,76.0,83.0,4.8
51.9,5.84,92.0,224,75.0,82.0,5.1
51.5,5.98,92.0,1016,74.0,81.0,5.2
51.3,6.09,92.0,0,72.0,81.0,5.3
58.0,6.61,92.0,18363,71.0,8.0,5.2
53.3,3.755,83.0,65,81.0,83.0,1.9
52.8,0.01,76.0,50,76.0,76.0,2.0
52.3,3.15,8.0,48,79.0,8.0,2.4
52.0,3.24,82.0,137,83.0,82.0,2.9
51.7,3.13,62.0,628,58.0,62.0,3.3
51.5,3.15,85.0,441,81.0,85.0,3.3
51.0,2.92,81.0,183,77.0,81.0,3.7
54.0,2.69,74.0,12,58.0,74.0,4.1
49.9,2.58,76.0,5,75.0,76.0,5.3
49.4,2.65,77.0,11,76.0,77.0,5.8
48.7,3.11,76.0,115,87.0,76.0,6.1
48.2,3.08,67.0,3466,76.0,67.0,6.5
48.0,3.12,63.0,4770,68.0,61.0,6.7
47.7,3.13,48.0,5882,7.0,64.0,6.9
47.8,3.15,1.0,5790,7.0,66.0,7.0
47.9,3.45,92.0,5729,66.0,65.0,7.1
73.3,3.755,96.0,0,93.0,93.0,0.2
73.0,0.01,97.0,0,95.0,95.0,0.2
72.8,0.01,94.0,0,93.0,93.0,0.2
72.7,0.01,94.0,0,94.0,94.0,0.3
72.6,5.07,9.0,0,9.0,9.0,0.3
72.5,4.75,98.0,0,99.0,99.0,0.4
72.4,4.45,98.0,0,99.0,99.0,0.4
72.4,4.16,98.0,0,99.0,99.0,0.4
72.3,5.28,96.0,0,98.0,98.0,0.6
72.1,4.25,95.0,0,97.0,96.0,0.6
71.8,4.26,93.0,0,95.0,95.0,0.8
71.4,4.19,91.0,0,94.0,93.0,0.8
71.1,4.16,66.0,0,93.0,92.0,0.9
77.0,3.82,4.0,0,92.0,91.0,0.8
73.0,3.81,92.0,0,91.0,9.0,0.8
69.9,3.49,92.0,2,9.0,9.0,0.8
68.7,3.755,89.0,0,87.0,89.0,0.2
68.3,0.01,88.0,0,87.0,88.0,0.2
67.8,0.01,83.0,0,66.0,83.0,0.2
67.4,0.01,86.0,15,84.0,86.0,0.3
67.0,2.12,88.0,722,87.0,88.0,0.3
66.6,2.2,89.0,1156,88.0,89.0,0.5
66.1,2.13,92.0,4779,95.0,94.0,0.6
65.6,2.24,91.0,4211,91.0,91.0,0.7
65.0,2.08,82.0,394,82.0,82.0,0.9
64.1,2.03,8.0,188,8.0,8.0,1.1
62.9,1.99,92.0,264,82.0,82.0,1.4
61.5,1.38,92.0,352,86.0,85.0,1.7
63.0,1.44,92.0,653,69.0,69.0,1.9
59.3,1.43,92.0,1361,54.0,54.0,2.1
58.5,1.71,92.0,3761,59.0,6.0,2.2
57.7,1.51,92.0,12237,62.0,59.0,2.1
57.3,3.755,84.0,1809,83.0,84.0,3.5
56.7,0.01,87.0,831,86.0,87.0,3.7
56.4,0.01,89.0,760,88.0,89.0,4.0
55.9,0.01,85.0,609,85.0,85.0,4.6
55.6,6.19,82.0,504,8.0,82.0,4.9
55.3,6.15,84.0,240,83.0,84.0,5.5
54.8,5.89,8.0,251,79.0,8.0,6.3
54.2,5.9,84.0,495,82.0,84.0,6.7
53.6,5.44,82.0,100,81.0,82.0,7.0
53.3,5.22,81.0,196,78.0,81.0,7.2
52.8,5.03,79.0,605,79.0,8.0,7.4
52.1,4.71,92.0,358,72.0,73.0,7.5
51.8,4.64,92.0,899,72.0,73.0,7.7
51.6,4.58,92.0,1448,66.0,66.0,7.8
51.5,4.43,92.0,23934,61.0,63.0,7.9
51.4,3.91,92.0,14629,57.0,62.0,7.7
82.2,3.755,55.0,195,91.0,91.0,0.1
82.0,8.1,55.0,418,91.0,91.0,0.1
81.8,8.2,55.0,83,91.0,91.0,0.1
81.6,8.3,7.0,10,99.0,95.0,0.1
81.5,8.2,7.0,803,87.0,87.0,0.1
81.2,8.4,56.0,99,88.0,89.0,0.1
81.0,8.4,42.0,14,89.0,91.0,0.1
87.0,8.3,28.0,62,89.0,92.0,0.1
85.0,8.3,14.0,101,9.0,94.0,0.1
85.0,8.2,14.0,13,95.0,95.0,0.1
81.0,8.0,14.0,6,93.0,93.0,0.1
80.0,7.8,14.0,7,91.0,91.0,0.1
79.7,7.7,14.0,15,88.0,91.0,0.1
79.5,7.7,92.0,6,88.0,88.0,0.1
79.4,7.6,92.0,34,88.0,89.0,0.1
79.1,7.6,92.0,206,88.0,89.0,0.1
52.5,3.755,47.0,150,47.0,47.0,4.4
58.0,0.01,47.0,210,47.0,47.0,4.5
49.9,0.01,23.0,596,23.0,23.0,5.1
53.0,0.01,47.0,141,47.0,47.0,5.1
49.8,1.66,47.0,679,47.0,47.0,5.8
49.2,1.67,45.0,2,46.0,45.0,6.6
48.6,1.56,42.0,11,45.0,42.0,7.3
47.6,1.52,92.0,12,46.0,45.0,8.3
46.8,1.5,92.0,49,46.0,48.0,9.0
46.3,1.54,92.0,3,47.0,51.0,10.0
45.9,1.5,92.0,471,47.0,54.0,11.2
45.7,1.5,92.0,1233,45.0,51.0,12.0
45.7,1.49,92.0,652,44.0,47.0,12.8
45.6,1.47,92.0,938,42.0,44.0,13.4
45.6,1.52,92.0,2837,4.0,4.0,13.9
46.0,1.51,92.0,3207,38.0,37.0,14.3
53.1,3.755,46.0,418,52.0,46.0,2.8
52.6,0.01,37.0,1275,44.0,37.0,2.9
52.2,0.64,39.0,226,46.0,39.0,3.1
51.8,0.62,4.0,120,51.0,4.0,3.6
51.6,0.56,33.0,8650,4.0,33.0,3.9
51.2,0.5,39.0,194,43.0,39.0,4.1
57.0,0.47,24.0,165,32.0,24.0,4.4
49.6,0.45,17.0,63,3.0,19.0,4.7
49.4,0.42,92.0,441,38.0,28.0,4.9
48.5,0.41,92.0,1594,49.0,4.0,5.1
48.6,0.42,92.0,2,37.0,25.0,5.2
48.5,0.34,92.0,10324,31.0,21.0,5.2
48.4,0.42,92.0,15801,36.0,23.0,5.1
48.1,0.36,92.0,7277,31.0,25.0,5.0
48.0,0.3,92.0,24908,26.0,26.0,4.8
47.6,0.25,92.0,3546,3.0,36.0,4.6
85.0,3.755,97.0,9,96.0,96.0,0.1
83.0,7.16,95.0,0,95.0,95.0,0.1
81.0,7.2,9.0,0,9.0,91.0,0.1
79.9,6.76,9.0,0,9.0,9.0,0.1
79.8,7.26,94.0,6,93.0,94.0,0.1
79.1,7.93,92.0,0,92.0,92.0,0.1
79.3,7.67,94.0,1,94.0,94.0,0.1
79.6,7.31,95.0,0,95.0,95.0,0.1
78.9,7.39,92.0,0,95.0,96.0,0.1
78.9,7.33,95.0,0,94.0,94.0,0.1
78.4,7.57,92.0,0,92.0,91.0,0.1
78.0,6.32,92.0,0,94.0,93.0,0.1
77.9,6.37,92.0,1,96.0,96.0,0.1
77.8,6.06,92.0,0,97.0,97.0,0.1
77.3,6.1,92.0,0,96.0,97.0,0.1
77.3,6.24,92.0,0,91.0,91.0,0.1
76.1,3.755,99.0,42361,99.0,99.0,0.1
75.8,5.78,99.0,52628,99.0,99.0,0.1
75.6,5.79,99.0,26883,99.0,99.0,0.1
75.4,5.74,99.0,6183,99.0,99.0,0.1
75.2,5.63,99.0,9943,99.0,99.0,0.1
75.0,5.75,99.0,38159,99.0,99.0,0.1
74.9,4.88,99.0,52461,99.0,99.0,0.1
74.5,4.27,95.0,131441,99.0,97.0,0.1
74.4,3.88,92.0,109023,94.0,93.0,0.1
74.2,3.28,91.0,99602,94.0,93.0,0.1
73.9,2.92,84.0,124219,87.0,87.0,0.1
73.5,3.04,79.0,70549,87.0,87.0,0.1
73.1,2.96,75.0,71879,87.0,86.0,0.1
72.7,2.91,7.0,58341,86.0,86.0,0.1
72.2,2.84,65.0,88962,86.0,86.0,0.1
71.7,3.06,6.0,71093,86.0,85.0,0.1
74.8,3.755,91.0,1,91.0,91.0,0.1
74.6,4.38,9.0,0,9.0,9.0,0.1
74.4,4.41,91.0,1,91.0,91.0,0.1
74.3,4.44,92.0,1,91.0,91.0,0.1
74.2,4.37,85.0,6,85.0,85.0,0.1
73.6,4.28,88.0,0,88.0,88.0,0.1
73.6,4.34,92.0,0,92.0,92.0,0.1
73.5,4.45,92.0,0,92.0,92.0,0.1
73.5,4.66,93.0,0,93.0,93.0,0.1
73.1,4.53,93.0,0,94.0,93.0,0.1
73.1,4.38,93.0,0,93.0,93.0,0.1
72.8,4.26,89.0,0,89.0,89.0,0.1
72.4,4.25,92.0,0,92.0,92.0,0.1
71.8,4.45,78.0,139,83.0,81.0,0.1
71.5,4.43,8.0,3,83.0,8.0,0.1
71.4,4.66,78.0,1,82.0,79.0,0.1
63.5,3.755,91.0,0,92.0,91.0,0.8
63.2,0.01,88.0,0,87.0,87.0,0.8
62.9,0.01,88.0,0,85.0,87.0,0.8
62.5,0.01,89.0,1,85.0,86.0,0.8
62.2,0.12,83.0,3,85.0,83.0,0.2
61.8,0.15,74.0,0,82.0,74.0,0.1
61.3,0.17,83.0,1,84.0,83.0,0.1
61.0,0.12,81.0,0,81.0,81.0,0.1
66.0,0.16,75.0,0,75.0,75.0,0.1
63.0,0.25,69.0,85,69.0,69.0,0.1
60.0,0.24,68.0,912,67.0,68.0,0.1
59.8,0.27,77.0,0,73.0,76.0,0.1
59.6,0.26,28.0,0,8.0,8.0,0.1
59.5,0.08,92.0,0,98.0,89.0,0.1
59.5,0.08,92.0,0,7.0,7.0,0.1
59.5,0.09,92.0,0,7.0,7.0,0.1
64.7,3.755,8.0,1359,8.0,8.0,2.8
64.2,0.01,9.0,71,9.0,9.0,3.0
63.9,0.01,85.0,124,85.0,85.0,3.0
63.7,0.01,62.0,260,61.0,85.0,3.3
62.9,3.82,7.0,315,69.0,82.0,3.5
62.0,3.53,74.0,4,72.0,74.0,3.8
68.0,3.47,75.0,1,76.0,78.0,4.0
59.4,2.58,73.0,2,77.0,79.0,4.3
58.2,2.75,64.0,84,71.0,72.0,5.0
56.9,2.25,92.0,126,73.0,73.0,5.5
55.3,2.03,92.0,146,62.0,62.0,5.9
54.1,2.58,92.0,3524,67.0,67.0,6.3
53.2,2.45,92.0,3712,5.0,5.0,6.8
52.6,2.55,92.0,2788,41.0,41.0,7.2
52.7,2.3,92.0,2152,32.0,31.0,7.6
52.9,2.26,92.0,1678,31.0,33.0,7.8
72.1,0.01,98.0,0,98.0,98.0,0.1
79.6,3.755,92.0,0,92.0,92.0,0.1
79.5,3.45,91.0,1,91.0,91.0,0.1
79.4,3.42,94.0,0,95.0,95.0,0.1
79.2,3.34,91.0,0,9.0,91.0,0.1
79.0,3.41,84.0,0,82.0,85.0,0.1
78.1,3.58,89.0,0,93.0,88.0,0.1
79.2,4.07,87.0,0,8.0,86.0,0.1
78.9,4.22,89.0,0,89.0,9.0,0.1
78.9,4.2,89.0,0,89.0,89.0,0.1
78.0,4.15,88.0,0,89.0,89.0,0.1
78.6,4.1,9.0,1,91.0,91.0,0.1
77.7,4.09,89.0,0,9.0,9.0,0.1
78.0,4.04,86.0,1,88.0,88.0,0.1
78.3,4.17,94.0,0,94.0,94.0,0.1
77.5,4.29,8.0,0,92.0,91.0,0.1
77.6,4.34,89.0,0,8.0,88.0,0.1
78.0,3.755,94.0,206,94.0,94.0,0.1
77.8,12.14,95.0,0,95.0,95.0,0.1
77.7,12.39,96.0,0,96.0,96.0,0.1
77.1,11.49,98.0,2,96.0,96.0,0.1
77.0,12.19,97.0,12,96.0,96.0,0.1
76.6,12.1,97.0,7,97.0,97.0,0.1
76.3,12.21,97.0,2,96.0,96.0,0.1
76.0,12.06,97.0,51,96.0,96.0,0.1
75.8,12.56,95.0,0,96.0,96.0,0.1
75.9,11.83,92.0,1,96.0,96.0,0.1
75.2,11.59,92.0,2,96.0,96.0,0.1
75.4,13.11,92.0,54,96.0,96.0,0.1
74.7,13.78,92.0,19,95.0,94.0,0.1
74.8,13.39,92.0,6,95.0,95.0,0.1
74.9,13.15,92.0,8,94.0,94.0,0.1
74.7,12.73,92.0,9,94.0,93.0,0.1
79.1,3.755,99.0,0,99.0,99.0,0.1
79.0,4.37,97.0,0,99.0,99.0,0.1
78.7,4.18,96.0,0,99.0,99.0,0.1
78.7,4.16,96.0,0,98.0,99.0,0.1
78.8,4.14,96.0,0,99.0,97.0,0.1
78.0,4.13,96.0,0,99.0,96.0,0.1
78.1,4.01,96.0,0,99.0,96.0,0.1
77.9,4.26,95.0,0,99.0,95.0,0.1
78.1,4.13,93.0,0,99.0,93.0,0.1
78.0,4.17,89.0,0,99.0,89.0,0.1
77.2,4.48,95.0,0,99.0,89.0,0.1
77.3,4.38,99.0,0,98.0,88.0,0.1
77.4,4.39,99.0,0,98.0,72.0,0.1
77.7,4.1,98.0,0,98.0,99.0,0.1
76.7,4.04,98.0,0,99.0,98.0,0.1
76.9,3.92,98.0,0,98.0,95.0,0.1
85.0,3.755,97.0,0,97.0,97.0,0.1
83.0,0.01,96.0,10,99.0,99.0,0.1
81.0,9.04,96.0,0,99.0,99.0,0.1
80.0,10.55,96.0,1,99.0,99.0,0.1
79.7,10.69,96.0,0,99.0,99.0,0.1
79.5,11.32,96.0,18,99.0,99.0,0.1
79.3,10.8,96.0,0,99.0,99.0,0.1
79.1,12.01,93.0,1,97.0,97.0,0.1
78.9,11.56,93.0,0,97.0,97.0,0.1
78.8,11.47,93.0,0,97.0,97.0,0.1
78.7,11.41,88.0,1,98.0,98.0,0.1
78.6,13.03,88.0,0,98.0,98.0,0.1
78.5,10.62,88.0,0,98.0,98.0,0.1
78.4,11.68,88.0,0,98.0,98.0,0.1
78.2,10.16,89.0,0,97.0,97.0,0.1
78.1,9.56,89.0,0,97.0,97.0,0.1
78.8,3.755,97.0,9,97.0,97.0,0.1
78.6,12.68,99.0,222,99.0,97.0,0.1
78.2,12.45,99.0,15,99.0,98.0,0.1
78.0,12.71,99.0,22,99.0,99.0,0.1
77.8,12.43,99.0,17,99.0,99.0,0.1
77.5,12.69,99.0,0,99.0,99.0,0.1
77.1,13.23,99.0,5,99.0,99.0,0.1
77.0,13.25,99.0,2,99.0,99.0,0.1
76.8,13.43,99.0,2,99.0,99.0,0.1
76.5,13.03,98.0,7,98.0,98.0,0.1
75.9,13.19,99.0,0,96.0,97.0,0.1
75.8,13.24,98.0,17,96.0,98.0,0.1
75.2,13.01,92.0,30,97.0,97.0,0.1
75.3,13.47,86.0,4,97.0,98.0,0.1
75.1,13.36,92.0,6,97.0,98.0,0.1
74.7,13.22,92.0,9,98.0,98.0,0.1
76.0,3.755,96.0,0,99.0,96.0,0.1
73.0,0.01,93.0,3,99.0,93.0,0.1
71.0,3.35,93.0,0,99.0,93.0,0.1
69.8,3.61,96.0,0,99.0,96.0,0.1
69.4,3.39,94.0,0,99.0,94.0,0.1
69.0,3.12,93.0,0,99.0,93.0,0.1
68.7,3.35,93.0,0,98.0,93.0,0.1
68.6,3.16,92.0,8,98.0,92.0,0.1
68.5,3.13,92.0,3550,99.0,92.0,0.1
68.5,3.28,96.0,0,98.0,89.0,0.1
68.5,3.21,92.0,0,97.0,79.0,0.1
68.4,3.13,98.0,0,99.0,72.0,0.1
68.1,3.13,27.0,0,99.0,68.0,0.1
67.6,3.08,92.0,0,99.0,64.0,0.1
66.6,2.53,92.0,0,98.0,62.0,0.1
65.4,3.52,92.0,0,93.0,56.0,0.1
59.8,3.755,81.0,5020,78.0,81.0,1.1
59.3,0.01,8.0,33711,79.0,8.0,1.1
58.8,0.01,74.0,88381,74.0,74.0,1.2
58.3,0.01,75.0,72029,76.0,75.0,1.5
57.9,1.82,74.0,133802,77.0,74.0,1.6
57.4,1.81,6.0,5407,76.0,6.0,1.6
56.7,2.13,72.0,57,78.0,72.0,1.7
56.3,2.09,65.0,12461,64.0,65.0,1.8
55.7,1.52,7.0,55577,72.0,7.0,1.9
55.0,1.53,92.0,80123,62.0,62.0,2.0
54.3,1.43,92.0,182485,6.0,6.0,2.0
53.5,1.44,92.0,44934,52.0,54.0,2.1
52.8,1.83,92.0,21956,47.0,41.0,2.2
52.1,1.85,92.0,30466,4.0,38.0,2.4
51.8,1.9,92.0,8072,3.0,3.0,2.4
51.3,1.98,92.0,8282,42.0,4.0,2.5
86.0,3.755,92.0,9,93.0,93.0,0.1
84.0,9.64,92.0,27,94.0,94.0,0.1
81.0,9.5,92.0,17,94.0,94.0,0.1
80.0,9.26,92.0,2,94.0,94.0,0.1
79.7,10.47,92.0,84,91.0,91.0,0.1
79.2,10.28,92.0,5,9.0,9.0,0.1
78.9,10.08,92.0,6,89.0,89.0,0.1
78.8,10.7,92.0,14,88.0,88.0,0.1
78.4,10.99,92.0,2,87.0,87.0,0.1
78.1,11.02,92.0,27,93.0,93.0,0.1
78.1,11.28,92.0,2,93.0,93.0,0.1
77.7,11.27,92.0,0,95.0,95.0,0.1
77.3,11.54,92.0,0,96.0,96.0,0.1
77.0,11.34,92.0,32,98.0,98.0,0.1
77.0,11.56,92.0,11,97.0,97.0,0.1
76.9,11.69,92.0,14,97.0,97.0,0.1
63.5,3.755,84.0,47,84.0,84.0,2.1
63.0,0.38,78.0,0,78.0,78.0,2.1
62.7,0.53,82.0,28,82.0,82.0,2.1
62.2,0.52,81.0,709,81.0,81.0,1.9
61.8,0.39,87.0,49,87.0,87.0,2.7
61.3,0.44,88.0,7,88.0,88.0,3.1
69.0,0.49,89.0,48,89.0,89.0,3.2
62.0,0.49,88.0,143,89.0,89.0,3.3
59.8,0.45,25.0,24,88.0,88.0,3.5
59.1,1.02,92.0,49,72.0,72.0,3.7
58.6,1.23,92.0,298,71.0,71.0,3.9
58.1,1.18,92.0,71,64.0,64.0,4.0
58.0,1.02,92.0,37,68.0,68.0,4.2
57.9,1.03,92.0,50,62.0,62.0,4.3
57.7,0.95,92.0,79,49.0,53.0,4.3
57.4,1.34,92.0,183,46.0,46.0,4.1
72.1,0.01,96.0,0,96.0,96.0,0.1
73.9,3.755,81.0,0,87.0,85.0,0.3
73.6,5.92,89.0,0,9.0,91.0,0.3
73.4,5.93,8.0,0,82.0,83.0,0.3
72.1,5.93,74.0,0,85.0,85.0,0.4
73.1,5.91,8.0,2,84.0,84.0,0.7
72.7,6.02,83.0,0,85.0,88.0,0.9
73.6,6.05,8.0,0,85.0,82.0,1.2
73.3,6.12,81.0,0,86.0,82.0,1.4
72.9,6.05,81.0,0,86.0,85.0,1.6
72.3,6.2,84.0,0,88.0,89.0,1.8
69.7,5.71,87.0,0,86.0,87.0,2.0
69.3,5.16,82.0,0,66.0,79.0,2.1
73.0,6.32,79.0,0,65.0,79.0,2.3
71.4,6.43,63.0,0,74.0,82.0,2.4
71.2,6.13,66.0,113,71.0,72.0,2.5
72.0,6.58,68.0,253,71.0,78.0,2.5
76.2,3.755,78.0,0,84.0,78.0,0.1
76.0,3.82,83.0,0,84.0,83.0,0.1
76.0,3.77,87.0,0,87.0,87.0,0.1
75.5,3.92,88.0,72,85.0,87.0,0.1
75.3,3.99,88.0,257,85.0,88.0,0.1
75.0,3.95,9.0,0,88.0,91.0,0.1
75.1,3.87,91.0,0,91.0,94.0,0.1
74.6,3.76,93.0,1,94.0,96.0,0.1
74.7,3.63,94.0,0,95.0,96.0,0.2
74.4,3.52,96.0,0,92.0,96.0,0.3
74.2,3.54,92.0,0,89.0,92.0,0.3
74.4,3.65,88.0,0,9.0,88.0,0.3
74.4,3.69,82.0,0,97.0,87.0,0.3
73.6,3.88,75.0,0,88.0,88.0,0.3
73.4,4.13,69.0,2,9.0,89.0,0.3
72.8,3.99,36.0,0,83.0,87.0,0.3
79.0,3.755,93.0,5432,93.0,93.0,0.1
78.0,0.21,94.0,1314,94.0,94.0,0.1
79.0,0.21,97.0,405,97.0,97.0,0.1
72.0,0.23,93.0,245,93.0,93.0,0.1
74.0,0.22,96.0,26,96.0,96.0,0.1
70.0,0.22,97.0,16,97.0,97.0,0.1
69.9,0.21,97.0,608,97.0,97.0,0.1
69.8,0.24,97.0,668,97.0,97.0,0.1
69.7,0.21,98.0,1684,98.0,98.0,0.1
69.5,0.18,98.0,953,98.0,98.0,0.1
69.4,0.16,98.0,77,98.0,98.0,0.1
69.0,0.16,97.0,80,97.0,97.0,0.1
68.6,0.15,98.0,164,98.0,98.0,0.1
68.7,0.15,97.0,653,97.0,97.0,0.1
68.6,0.14,99.0,2150,99.0,99.0,0.1
68.8,0.14,98.0,2633,98.0,98.0,0.1
73.5,3.755,91.0,0,92.0,91.0,0.2
73.3,2.52,93.0,0,93.0,94.0,0.2
73.0,2.42,92.0,0,92.0,92.0,0.2
73.0,2.48,92.0,0,93.0,92.0,0.3
72.0,2.37,89.0,0,9.0,89.0,0.3
72.0,2.36,89.0,0,89.0,89.0,0.3
71.4,2.55,91.0,0,91.0,91.0,0.3
71.7,2.68,98.0,0,98.0,98.0,0.3
71.2,2.83,99.0,0,99.0,99.0,0.3
75.0,2.77,96.0,0,96.0,96.0,0.2
71.0,2.77,89.0,0,89.0,89.0,0.2
70.0,2.9,9.0,0,9.0,9.0,0.3
69.9,3.1,94.0,0,93.0,94.0,0.3
73.0,2.97,81.0,0,81.0,81.0,0.4
68.9,2.88,75.0,2,94.0,92.0,0.4
69.0,2.79,99.0,0,98.0,99.0,0.4
58.2,3.755,16.0,1250,17.0,16.0,4.2
57.9,0.01,2.0,13,24.0,2.0,4.4
57.4,10.72,92.0,321,3.0,3.0,5.7
56.7,11.89,92.0,1190,3.0,24.0,8.2
56.2,10.99,92.0,0,39.0,41.0,7.7
56.1,9.93,92.0,0,59.0,44.0,7.2
55.7,7.97,92.0,78,57.0,43.0,7.3
55.4,8.34,92.0,436,55.0,42.0,6.3
55.0,6.86,92.0,5,54.0,41.0,5.9
54.8,7.28,92.0,0,52.0,4.0,5.3
54.4,7.19,92.0,0,5.0,39.0,4.9
54.1,6.28,92.0,38,48.0,38.0,4.4
53.8,7.13,92.0,18,46.0,37.0,3.6
53.5,6.01,92.0,24,44.0,36.0,2.9
53.1,5.07,92.0,1339,43.0,35.0,2.3
52.7,4.46,92.0,0,41.0,34.0,1.9
64.7,3.755,95.0,198,95.0,95.0,0.4
64.4,0.01,94.0,127,94.0,94.0,0.4
64.0,0.01,94.0,45,94.0,94.0,0.5
63.6,0.01,94.0,194,94.0,94.0,0.6
62.9,0.62,96.0,48,96.0,96.0,0.7
62.1,0.61,9.0,51,9.0,9.0,0.9
61.4,0.63,92.0,82,92.0,92.0,1.0
67.0,0.49,94.0,0,94.0,94.0,1.1
62.0,1.23,91.0,55,91.0,91.0,1.3
59.7,0.97,94.0,128,94.0,94.0,1.4
59.4,1.07,96.0,19,96.0,96.0,1.6
59.1,0.64,84.0,24,98.0,98.0,1.8
58.8,0.56,91.0,376,95.0,93.0,1.9
58.5,0.83,86.0,460,92.0,9.0,1.9
58.1,0.61,92.0,204,89.0,86.0,2.0
45.3,0.83,92.0,789,82.0,81.0,1.9
77.6,3.755,91.0,4,93.0,93.0,0.1
77.3,0.01,93.0,0,93.0,93.0,0.1
76.9,0.01,93.0,2,94.0,94.0,0.1
76.3,0.01,94.0,4,94.0,94.0,0.1
76.1,0.01,94.0,7,93.0,93.0,0.1
75.6,14.97,94.0,0,94.0,94.0,0.1
74.9,15.04,95.0,0,95.0,95.0,0.1
74.2,16.99,94.0,0,95.0,95.0,0.1
73.0,17.87,95.0,1,95.0,95.0,0.1
73.0,16.58,95.0,27,95.0,95.0,0.1
72.8,15.52,95.0,2,96.0,96.0,0.1
72.3,15.07,9.0,0,95.0,94.0,0.1
71.9,11.64,92.0,0,95.0,94.0,0.1
71.2,11.48,92.0,0,94.0,94.0,0.1
78.0,0.01,92.0,0,94.0,94.0,0.1
78.0,0.01,92.0,9,93.0,93.0,0.1
64.8,3.755,77.0,17745,75.0,77.0,0.6
64.2,0.01,77.0,12739,75.0,77.0,0.6
63.7,1.86,72.0,5253,7.0,72.0,0.9
63.3,1.84,69.0,4347,7.0,69.0,1.2
62.6,1.32,65.0,3255,7.0,65.0,1.4
61.8,1.34,62.0,4235,69.0,61.0,1.7
68.0,1.17,56.0,1176,65.0,58.0,2.0
59.8,1.13,52.0,3511,63.0,54.0,2.4
58.5,1.06,47.0,1446,61.0,5.0,2.8
57.2,1.22,92.0,1451,59.0,46.0,3.3
56.0,0.99,92.0,357,56.0,44.0,3.7
55.0,0.86,92.0,73,54.0,4.0,4.1
54.0,0.79,92.0,228,55.0,37.0,4.4
53.2,0.8,92.0,3332,55.0,35.0,4.6
52.5,0.85,92.0,2366,55.0,32.0,4.9
51.2,0.88,92.0,1660,55.0,3.0,5.0
69.9,3.755,99.0,0,99.0,99.0,0.1
69.7,0.01,99.0,0,99.0,99.0,0.1
69.6,0.01,99.0,0,99.0,99.0,0.1
69.4,0.01,99.0,0,99.0,99.0,0.1
69.2,0.01,99.0,0,99.0,99.0,0.1
69.1,2.25,99.0,0,99.0,99.0,0.1
68.9,2.31,99.0,1,99.0,99.0,0.1
68.7,1.95,99.0,0,99.0,99.0,0.1
68.6,2.09,99.0,0,99.0,99.0,0.1
68.5,2.06,99.0,136,98.0,98.0,0.1
68.3,2.02,99.0,0,97.0,96.0,0.1
68.1,1.63,99.0,37,96.0,95.0,0.1
68.0,1.76,99.0,305,95.0,94.0,0.1
67.9,1.85,99.0,304,94.0,93.0,0.1
67.8,1.93,98.0,17,92.0,91.0,0.1
67.7,2.05,98.0,0,91.0,9.0,0.1
81.1,3.755,92.0,2,97.0,97.0,0.1
89.0,8.8,92.0,0,98.0,98.0,0.1
87.0,8.97,92.0,2,98.0,98.0,0.1
84.0,9.24,92.0,0,99.0,99.0,0.1
83.0,9.81,92.0,27,99.0,99.0,0.1
79.9,9.72,92.0,5,99.0,99.0,0.1
79.7,9.96,92.0,2,99.0,99.0,0.1
79.6,10.26,92.0,5,97.0,99.0,0.1
79.3,10.45,92.0,0,97.0,99.0,0.1
79.2,10.15,92.0,0,97.0,97.0,0.1
78.9,9.95,92.0,1,97.0,97.0,0.1
78.7,9.89,92.0,0,96.0,98.0,0.1
78.4,9.31,92.0,0,96.0,98.0,0.1
78.1,9.25,92.0,0,95.0,98.0,0.1
78.0,8.94,92.0,1,95.0,98.0,0.1
77.5,8.59,92.0,0,96.0,99.0,0.1
82.4,3.755,86.0,157,98.0,98.0,0.1
82.2,11.5,83.0,267,98.0,98.0,0.1
82.0,11.1,74.0,272,99.0,99.0,0.1
81.5,11.5,78.0,0,99.0,99.0,0.1
81.7,11.8,74.0,14949,99.0,99.0,0.1
81.3,11.7,65.0,5048,99.0,99.0,0.1
81.1,11.8,51.0,1541,98.0,98.0,0.1
89.0,11.9,47.0,604,98.0,98.0,0.1
89.0,12.2,42.0,39,99.0,98.0,0.1
86.0,12.4,39.0,40,99.0,99.0,0.1
81.0,12.2,35.0,36,98.0,98.0,0.1
82.0,13.18,35.0,4448,99.0,98.0,0.1
79.3,13.49,28.0,0,96.0,97.0,0.1
79.2,13.78,29.0,5185,97.0,97.0,0.1
79.0,13.89,28.0,0,98.0,97.0,0.1
78.8,13.63,26.0,10000,98.0,97.0,0.1
66.0,3.755,8.0,27,79.0,8.0,2.7
65.5,0.01,7.0,33,68.0,7.0,2.8
64.6,8.86,79.0,122,77.0,79.0,3.7
63.5,8.3,82.0,2,8.0,82.0,4.9
62.8,8.9,75.0,2,75.0,75.0,6.0
62.3,8.85,67.0,1,68.0,67.0,7.0
61.7,8.64,79.0,0,74.0,76.0,8.0
61.6,8.75,82.0,3,81.0,82.0,8.9
61.6,9.02,75.0,0,78.0,81.0,10.0
61.4,8.01,52.0,90,44.0,45.0,10.7
65.0,7.72,28.0,0,44.0,45.0,10.9
59.7,8.13,92.0,63,44.0,45.0,11.1
59.7,6.47,92.0,0,44.0,45.0,11.0
59.7,8.34,92.0,110,44.0,45.0,10.7
59.8,9.29,92.0,5129,44.0,45.0,10.1
61.0,8.87,92.0,15,44.0,45.0,9.5
61.1,3.755,97.0,71,96.0,97.0,1.7
68.0,0.01,96.0,1,97.0,96.0,1.7
66.0,0.01,97.0,0,96.0,97.0,1.6
62.0,0.01,98.0,0,98.0,98.0,1.4
59.8,3.41,96.0,0,95.0,96.0,1.8
59.3,3.48,97.0,2,97.0,97.0,2.1
59.0,2.99,97.0,0,97.0,98.0,2.7
58.7,2.79,98.0,0,96.0,96.0,3.0
58.5,2.64,97.0,0,94.0,95.0,3.1
58.2,2.93,95.0,0,94.0,95.0,3.0
57.7,2.26,95.0,0,94.0,95.0,3.0
57.3,2.51,95.0,0,88.0,87.0,2.9
57.0,2.47,94.0,119,87.0,87.0,2.7
56.6,2.08,92.0,32,86.0,87.0,2.5
56.3,2.25,91.0,99,85.0,87.0,2.3
55.9,2.18,91.0,336,84.0,8.0,2.0
74.4,3.755,94.0,431,91.0,94.0,0.1
74.5,6.13,91.0,3188,91.0,91.0,0.1
74.5,5.91,96.0,7872,94.0,93.0,0.1
74.2,7.71,92.0,31,93.0,92.0,0.1
73.9,8.14,89.0,64,88.0,94.0,0.1
73.8,7.24,95.0,22,88.0,92.0,0.1
73.2,6.66,54.0,23,93.0,88.0,0.1
73.9,7.17,89.0,56,9.0,92.0,0.1
74.4,8.65,94.0,44,88.0,98.0,0.1
73.9,6.18,84.0,334,89.0,88.0,0.1
73.9,4.7,79.0,1356,82.0,82.0,0.1
72.3,3.74,64.0,6847,66.0,78.0,0.1
72.7,3.36,48.0,216,74.0,75.0,0.1
71.7,2.72,51.0,199,89.0,84.0,0.1
73.0,2.76,61.0,35,83.0,87.0,0.1
71.8,3.28,55.0,50,81.0,8.0,0.1
81.0,3.755,88.0,2464,94.0,95.0,0.1
89.0,11.03,88.0,443,94.0,95.0,0.1
86.0,10.94,88.0,1771,94.0,95.0,0.1
86.0,11.18,88.0,166,94.0,95.0,0.1
85.0,11.2,88.0,1607,94.0,95.0,0.1
81.0,11.2,88.0,780,94.0,95.0,0.1
80.0,11.22,88.0,574,95.0,96.0,0.1
79.9,11.36,87.0,917,95.0,96.0,0.1
79.8,11.5,86.0,567,95.0,96.0,0.1
79.6,11.76,87.0,2307,94.0,96.0,0.1
79.2,11.67,9.0,778,95.0,96.0,0.1
79.1,11.83,88.0,121,96.0,96.0,0.1
78.5,11.92,9.0,779,96.0,97.0,0.1
78.4,12.25,87.0,4657,97.0,93.0,0.1
78.3,12.46,86.0,6024,96.0,93.0,0.1
78.0,12.91,84.0,0,94.0,9.0,0.1
62.4,3.755,88.0,23,88.0,88.0,0.7
62.1,0.01,98.0,124,93.0,98.0,0.8
61.9,0.01,9.0,319,91.0,9.0,0.9
61.6,0.01,92.0,1613,91.0,92.0,0.9
61.2,1.64,91.0,120,91.0,91.0,1.3
69.0,1.69,94.0,641,94.0,94.0,1.9
66.0,1.76,94.0,101,94.0,94.0,2.1
63.0,1.78,93.0,82,92.0,93.0,2.2
59.9,1.25,94.0,6,94.0,94.0,2.6
59.4,1.7,84.0,420,84.0,84.0,2.9
58.9,1.5,84.0,435,85.0,84.0,3.1
58.3,1.46,8.0,60,81.0,8.0,3.2
57.9,1.53,8.0,1939,8.0,8.0,3.4
57.6,1.6,8.0,12289,8.0,78.0,3.5
57.4,1.49,92.0,13476,81.0,79.0,3.5
57.2,1.6,92.0,23068,88.0,88.0,3.6
81.0,3.755,96.0,1,99.0,99.0,0.1
88.0,7.53,96.0,1,99.0,99.0,0.1
86.0,7.46,98.0,3,99.0,99.0,0.1
84.0,8.2,98.0,3,99.0,99.0,0.1
85.0,8.02,95.0,40,99.0,99.0,0.1
83.0,9.0,95.0,149,99.0,99.0,0.1
80.0,9.08,95.0,2,99.0,99.0,0.1
79.9,9.51,95.0,1,99.0,99.0,0.1
79.4,9.67,95.0,2,99.0,99.0,0.1
79.7,9.42,94.0,0,98.0,98.0,0.1
79.3,9.95,93.0,122,96.0,96.0,0.1
79.2,9.56,92.0,1,95.0,95.0,0.1
79.1,9.46,92.0,0,93.0,94.0,0.1
79.0,8.09,91.0,5,92.0,92.0,0.1
78.7,8.62,9.0,12,9.0,91.0,0.1
78.2,8.48,89.0,56,89.0,89.0,0.1
73.6,3.755,92.0,0,99.0,92.0,0.1
73.5,8.42,97.0,0,81.0,97.0,0.1
73.3,8.25,97.0,0,98.0,97.0,0.1
73.1,8.07,97.0,0,98.0,97.0,0.1
72.9,7.84,94.0,0,95.0,95.0,0.1
72.6,7.91,97.0,0,94.0,97.0,0.1
72.4,8.42,99.0,0,99.0,99.0,0.1
72.1,8.92,99.0,0,99.0,99.0,0.1
71.9,9.06,96.0,0,96.0,96.0,0.1
71.7,9.06,91.0,0,91.0,91.0,0.1
71.5,8.8,99.0,0,99.0,99.0,0.1
73.0,8.43,83.0,0,84.0,83.0,0.1
71.1,9.75,97.0,0,98.0,97.0,0.1
79.0,10.71,98.0,0,98.0,98.0,0.1
77.0,9.61,96.0,0,96.0,96.0,0.1
74.0,9.4,92.0,0,97.0,97.0,0.1
71.9,3.755,74.0,0,9.0,74.0,0.4
71.7,1.88,73.0,0,65.0,73.0,0.4
71.4,1.93,85.0,0,84.0,85.0,0.4
71.3,2.02,96.0,0,94.0,96.0,0.4
71.1,2.16,88.0,0,88.0,88.0,0.4
77.0,2.14,94.0,0,94.0,94.0,0.4
76.0,2.14,92.0,0,92.0,92.0,0.4
79.0,2.21,95.0,0,96.0,95.0,0.4
75.0,2.4,85.0,0,85.0,85.0,0.4
69.7,2.38,89.0,0,9.0,89.0,0.4
69.2,2.35,87.0,0,87.0,87.0,0.4
69.6,2.4,92.0,0,88.0,87.0,0.4
69.4,2.45,92.0,0,84.0,84.0,0.4
69.3,2.41,92.0,0,82.0,82.0,0.3
68.4,2.53,92.0,0,78.0,77.0,0.3
67.7,2.63,92.0,0,8.0,81.0,0.2
59.0,3.755,54.0,243,42.0,54.0,0.5
58.1,0.01,51.0,175,42.0,51.0,0.5
58.8,0.01,63.0,53,63.0,63.0,1.0
58.4,0.01,62.0,6,63.0,62.0,1.9
58.1,0.22,63.0,11,63.0,63.0,2.0
57.8,0.2,64.0,45,62.0,64.0,2.2
57.3,0.18,57.0,264,6.0,57.0,2.3
56.8,0.21,57.0,89,59.0,6.0,2.3
56.4,0.19,57.0,3,46.0,63.0,2.4
55.6,0.16,92.0,4,53.0,57.0,2.6
54.7,0.21,92.0,99,59.0,59.0,2.7
54.0,0.34,92.0,10,65.0,6.0,2.8
53.3,0.18,92.0,2497,61.0,57.0,2.9
52.9,0.21,92.0,2151,56.0,53.0,3.0
52.5,0.17,92.0,7408,52.0,5.0,3.0
52.5,0.17,92.0,11294,47.0,46.0,3.0
58.9,3.755,87.0,153,87.0,87.0,3.2
58.4,0.01,87.0,1,87.0,87.0,3.4
58.1,0.01,87.0,0,87.0,87.0,4.5
57.6,0.01,87.0,0,87.0,87.0,5.3
57.1,3.57,86.0,0,85.0,86.0,5.7
56.7,3.21,83.0,26,82.0,83.0,5.9
56.3,2.55,8.0,0,78.0,8.0,6.0
55.6,2.64,92.0,12,77.0,77.0,6.0
55.0,2.98,92.0,1,76.0,74.0,5.7
54.4,3.22,92.0,0,74.0,71.0,5.6
53.9,3.1,92.0,0,73.0,68.0,5.4
53.5,2.58,92.0,3526,69.0,64.0,5.0
53.0,2.16,92.0,1158,65.0,6.0,4.6
52.8,2.47,92.0,298,61.0,57.0,4.1
52.5,2.55,92.0,126,56.0,53.0,3.6
52.1,2.84,92.0,0,52.0,49.0,3.1
66.2,3.755,95.0,0,92.0,95.0,0.3
66.0,7.64,98.0,0,97.0,98.0,0.3
65.9,7.56,98.0,0,98.0,98.0,0.3
65.8,7.57,97.0,0,97.0,97.0,0.3
65.6,7.56,93.0,0,93.0,93.0,0.4
65.9,7.52,95.0,0,95.0,95.0,0.4
66.1,7.49,98.0,0,97.0,98.0,0.3
66.3,7.32,93.0,0,93.0,93.0,0.8
65.7,7.2,94.0,0,94.0,94.0,1.9
65.2,7.04,93.0,0,92.0,93.0,1.1
65.0,7.35,93.0,0,93.0,93.0,1.8
65.1,7.84,91.0,0,91.0,91.0,1.9
65.3,7.93,9.0,0,91.0,9.0,2.1
65.3,7.73,91.0,0,93.0,91.0,2.3
65.4,6.71,85.0,0,9.0,85.0,1.7
65.4,6.63,92.0,0,79.0,88.0,1.1
63.5,3.755,6.0,0,56.0,6.0,0.5
63.1,0.01,48.0,0,55.0,48.0,0.5
62.7,5.68,68.0,0,67.0,68.0,0.5
62.3,5.68,92.0,0,67.0,67.0,0.8
62.3,5.68,92.0,0,67.0,68.0,1.5
36.3,5.76,92.0,0,66.0,66.0,1.9
62.5,5.85,92.0,0,65.0,65.0,2.0
62.1,5.95,92.0,0,64.0,63.0,2.4
61.8,6.08,92.0,0,62.0,63.0,2.7
61.1,6.18,92.0,0,61.0,6.0,3.3
65.0,5.57,92.0,0,6.0,6.0,3.9
58.7,6.1,92.0,0,58.0,55.0,4.3
59.7,6.64,92.0,0,56.0,53.0,4.6
59.3,6.1,92.0,0,54.0,48.0,4.8
58.9,6.22,92.0,159,52.0,45.0,5.0
58.6,4.79,92.0,992,5.0,41.0,5.1
74.6,3.755,97.0,0,97.0,97.0,0.3
74.5,2.87,97.0,0,97.0,97.0,0.3
74.3,3.11,97.0,0,97.0,97.0,0.4
74.1,3.11,97.0,0,97.0,97.0,0.4
73.9,3.1,97.0,0,97.0,97.0,0.4
73.6,3.1,97.0,0,97.0,97.0,0.4
73.4,3.08,97.0,0,97.0,97.0,0.5
73.2,3.14,92.0,0,93.0,93.0,0.6
73.0,3.16,93.0,0,94.0,94.0,0.7
72.8,3.23,94.0,0,94.0,95.0,0.8
72.5,3.23,97.0,0,98.0,98.0,0.9
72.2,3.02,93.0,0,94.0,94.0,1.2
71.9,3.04,91.0,0,92.0,92.0,1.4
71.6,3.09,94.0,0,95.0,95.0,1.5
71.3,2.74,95.0,0,99.0,96.0,1.6
71.0,2.61,93.0,0,88.0,94.0,1.7
75.8,3.755,92.0,0,99.0,99.0,0.1
75.6,0.01,92.0,0,99.0,99.0,0.1
75.5,10.88,92.0,1,99.0,99.0,0.1
75.0,11.27,92.0,2,99.0,99.0,0.1
74.8,11.51,92.0,5,99.0,99.0,0.1
74.5,10.78,92.0,0,99.0,99.0,0.1
74.2,11.46,92.0,1,99.0,99.0,0.1
74.1,11.64,92.0,0,99.0,99.0,0.1
73.5,12.55,92.0,0,99.0,99.0,0.1
73.4,13.16,92.0,1,99.0,99.0,0.1
72.9,12.94,92.0,2,99.0,99.0,0.1
72.9,13.28,92.0,0,99.0,99.0,0.1
72.5,13.24,92.0,0,99.0,99.0,0.1
72.5,13.29,92.0,0,98.0,99.0,0.1
72.3,13.18,92.0,20,99.0,99.0,0.1
71.7,12.22,92.0,1,99.0,99.0,0.1
82.7,3.755,92.0,0,92.0,92.0,0.1
82.5,7.45,92.0,0,9.0,9.0,0.1
82.4,7.31,92.0,0,91.0,91.0,0.1
82.5,7.81,92.0,0,89.0,89.0,0.1
82.1,8.13,92.0,0,95.0,95.0,0.1
81.8,8.25,92.0,0,96.0,96.0,0.1
81.6,10.22,92.0,0,96.0,96.0,0.1
81.4,8.49,92.0,0,98.0,98.0,0.1
81.3,7.53,92.0,0,97.0,97.0,0.1
81.1,7.2,92.0,0,97.0,97.0,0.1
81.0,7.05,92.0,0,95.0,95.0,0.1
88.0,6.79,92.0,0,99.0,99.0,0.1
87.0,6.61,92.0,0,97.0,97.0,0.1
84.0,6.61,92.0,0,95.0,95.0,0.1
80.0,6.37,92.0,0,92.0,92.0,0.1
79.7,6.17,92.0,0,98.0,98.0,0.1
68.3,3.755,87.0,90387,86.0,87.0,0.2
68.0,3.07,79.0,79563,84.0,85.0,0.2
67.6,3.11,7.0,13822,82.0,83.0,0.2
67.3,3.1,73.0,18668,79.0,82.0,0.2
66.8,3.0,44.0,33634,79.0,82.0,0.2
66.4,2.77,38.0,31458,76.0,79.0,0.2
66.0,2.5,37.0,56188,73.0,74.0,0.2
65.5,1.93,29.0,44258,69.0,7.0,0.3
65.2,1.59,6.0,41144,67.0,64.0,0.3
64.8,1.37,6.0,64185,66.0,65.0,0.3
64.4,1.27,8.0,36711,65.0,65.0,0.3
64.0,1.2,6.0,55443,58.0,63.0,0.3
63.7,1.19,92.0,47147,57.0,61.0,0.3
63.3,1.1,92.0,40044,58.0,59.0,0.3
62.9,1.0,92.0,51780,58.0,59.0,0.3
62.5,0.93,92.0,38835,57.0,58.0,0.3
69.1,3.755,78.0,15099,8.0,78.0,0.3
68.9,0.09,78.0,12943,8.0,78.0,0.3
68.7,0.09,85.0,8419,86.0,85.0,0.3
68.5,0.08,83.0,15489,84.0,83.0,0.3
68.3,0.08,81.0,21893,81.0,81.0,0.3
68.1,0.08,83.0,18869,82.0,81.0,0.3
67.9,0.08,82.0,20818,85.0,78.0,0.3
67.7,0.07,82.0,15369,83.0,77.0,0.2
67.5,0.06,76.0,19456,77.0,73.0,0.2
67.3,0.06,66.0,20422,78.0,72.0,0.1
67.2,0.06,65.0,15853,79.0,72.0,0.1
65.3,0.06,64.0,29171,79.0,71.0,0.1
66.9,0.05,64.0,24457,8.0,71.0,0.1
66.7,0.05,63.0,14492,8.0,7.0,0.1
66.5,0.06,62.0,3825,77.0,76.0,0.1
66.3,0.06,65.0,3344,72.0,75.0,0.1
75.5,3.755,98.0,615,98.0,98.0,0.1
75.4,0.01,99.0,99,99.0,99.0,0.1
75.3,0.01,99.0,189,98.0,98.0,0.1
75.1,0.01,98.0,332,99.0,99.0,0.1
74.7,0.03,99.0,73,99.0,99.0,0.1
74.1,0.03,99.0,538,99.0,99.0,0.1
73.3,0.03,99.0,262,99.0,99.0,0.1
72.7,0.02,99.0,127,99.0,99.0,0.1
72.4,0.02,97.0,133,98.0,99.0,0.1
72.2,0.02,98.0,220,99.0,98.0,0.1
72.0,0.01,94.0,7,95.0,95.0,0.1
71.8,0.01,95.0,3,98.0,99.0,0.1
75.0,0.01,98.0,11644,99.0,99.0,0.1
71.2,0.01,99.0,9554,99.0,99.0,0.1
78.0,0.01,94.0,9582,95.0,96.0,0.1
73.0,0.01,99.0,11874,99.0,99.0,0.1
68.9,3.755,56.0,1433,63.0,58.0,0.1
67.9,0.01,62.0,1317,67.0,64.0,0.1
69.5,0.01,66.0,669,7.0,68.0,0.1
76.0,0.01,61.0,15,7.0,69.0,0.1
77.0,0.17,77.0,15,8.0,79.0,0.1
76.0,0.19,72.0,492,74.0,74.0,0.1
74.0,0.2,75.0,30328,78.0,78.0,0.1
69.3,0.17,66.0,5494,71.0,69.0,0.1
65.9,0.14,56.0,230,74.0,57.0,0.1
64.7,0.03,59.0,474,63.0,59.0,0.1
66.8,0.18,65.0,908,69.0,65.0,0.1
67.2,0.32,62.0,9081,69.0,74.0,0.1
66.5,0.07,63.0,0,73.0,75.0,0.1
74.0,0.15,65.0,0,76.0,77.0,0.1
72.0,0.17,66.0,4088,8.0,78.0,0.1
70.0,0.2,67.0,726,83.0,8.0,0.1
81.4,3.755,95.0,4,95.0,95.0,0.1
81.2,10.75,95.0,33,96.0,96.0,0.1
81.0,10.49,95.0,51,96.0,96.0,0.1
85.0,11.49,95.0,107,95.0,95.0,0.1
84.0,11.72,95.0,285,95.0,95.0,0.1
86.0,11.88,46.0,443,94.0,94.0,0.1
79.7,11.41,92.0,164,94.0,94.0,0.1
79.8,12.66,92.0,57,93.0,93.0,0.1
79.5,13.59,92.0,64,92.0,92.0,0.1
79.0,13.44,92.0,87,91.0,91.0,0.1
78.7,13.31,92.0,95,9.0,9.0,0.1
78.3,13.32,92.0,334,89.0,89.0,0.1
78.0,13.24,92.0,584,86.0,86.0,0.1
77.4,14.17,92.0,243,83.0,83.0,0.1
77.0,14.27,92.0,241,84.0,84.0,0.1
76.4,14.07,92.0,0,86.0,86.0,0.1
82.5,3.755,96.0,80,95.0,95.0,0.1
82.2,2.62,97.0,6,95.0,95.0,0.1
82.1,2.69,97.0,50,96.0,96.0,0.1
81.8,2.78,97.0,211,94.0,94.0,0.1
81.8,2.67,98.0,70,94.0,94.0,0.1
81.7,2.63,97.0,23,95.0,95.0,0.1
81.5,2.55,98.0,5,96.0,96.0,0.1
81.0,2.47,99.0,931,94.0,94.0,0.1
84.0,2.33,99.0,539,95.0,95.0,0.1
84.0,2.23,96.0,9,94.0,95.0,0.1
80.0,2.41,96.0,2,95.0,93.0,0.1
81.0,2.23,99.0,116,95.0,95.0,0.1
79.7,2.32,98.0,124,93.0,93.0,0.1
79.3,2.47,98.0,2,91.0,9.0,0.1
79.3,2.53,96.0,19,93.0,92.0,0.1
78.9,2.53,98.0,36,93.0,93.0,0.1
82.7,3.755,93.0,159,93.0,93.0,0.1
82.5,7.56,95.0,0,95.0,95.0,0.1
82.3,7.35,96.0,0,96.0,96.0,0.1
82.0,7.49,96.0,376,96.0,97.0,0.1
82.0,6.98,96.0,5189,96.0,96.0,0.1
81.8,6.95,96.0,372,96.0,96.0,0.1
81.6,7.25,96.0,351,96.0,96.0,0.1
81.5,7.96,96.0,1617,96.0,96.0,0.1
81.3,8.37,97.0,321,97.0,97.0,0.1
81.2,8.44,96.0,439,97.0,96.0,0.1
88.0,8.65,96.0,135,97.0,95.0,0.1
89.0,8.98,96.0,599,97.0,94.0,0.1
79.9,9.3,95.0,10982,97.0,96.0,0.1
80.0,9.25,95.0,9385,96.0,93.0,0.1
79.8,9.69,95.0,0,96.0,93.0,0.1
79.4,9.78,94.0,1457,97.0,87.0,0.1
76.2,3.755,91.0,0,91.0,91.0,0.5
75.8,3.83,92.0,0,93.0,92.0,0.5
75.6,3.79,93.0,0,86.0,93.0,0.6
75.3,3.65,96.0,0,96.0,96.0,0.5
75.2,3.58,92.0,1,93.0,92.0,0.6
75.0,3.55,94.0,0,94.0,94.0,0.5
74.7,3.33,9.0,0,9.0,9.0,0.6
74.5,3.51,92.0,2,91.0,91.0,0.4
74.2,3.64,92.0,0,94.0,92.0,0.9
74.0,3.63,97.0,0,99.0,95.0,1.5
73.5,3.59,99.0,0,99.0,99.0,1.9
73.3,3.67,98.0,0,97.0,98.0,2.3
73.1,3.48,36.0,0,99.0,96.0,2.3
73.0,3.76,92.0,0,99.0,99.0,2.3
72.7,3.89,92.0,0,99.0,99.0,2.2
72.6,3.46,92.0,0,95.0,93.0,2.2
83.7,3.755,92.0,35,99.0,96.0,0.1
83.5,0.01,92.0,462,99.0,96.0,0.1
83.5,7.55,92.0,229,99.0,96.0,0.1
83.3,7.39,92.0,228,99.0,97.0,0.1
82.5,7.39,92.0,434,96.0,97.0,0.1
83.0,6.9,92.0,450,98.0,97.0,0.1
83.0,7.09,92.0,741,99.0,97.0,0.1
82.7,7.11,92.0,11015,98.0,98.0,0.1
82.6,7.29,92.0,0,97.0,98.0,0.1
82.4,7.49,92.0,520,95.0,98.0,0.1
82.0,7.99,92.0,0,95.0,98.0,0.1
82.1,7.7,92.0,8752,97.0,99.0,0.1
81.9,7.83,92.0,8286,97.0,97.0,0.1
81.8,7.87,92.0,33812,89.0,96.0,0.1
81.5,8.03,92.0,22552,81.0,95.0,0.1
81.1,7.97,92.0,22497,98.0,85.0,0.1
74.1,3.755,99.0,0,99.0,99.0,0.1
74.0,0.41,98.0,20,98.0,98.0,0.1
73.9,0.4,98.0,120,98.0,98.0,0.1
73.7,0.41,98.0,3,98.0,98.0,0.1
73.6,0.43,98.0,0,98.0,98.0,0.1
73.4,0.51,98.0,0,98.0,98.0,0.1
73.3,0.59,98.0,0,98.0,98.0,0.1
73.1,0.61,97.0,2,98.0,97.0,0.1
73.0,0.6,98.0,41,98.0,98.0,0.1
72.8,0.59,98.0,1,98.0,98.0,0.1
72.4,0.55,95.0,28,95.0,95.0,0.1
72.5,0.54,95.0,21,95.0,95.0,0.1
72.3,0.54,97.0,76,97.0,97.0,0.1
72.1,0.54,95.0,19,95.0,95.0,0.1
71.9,0.55,97.0,61,97.0,99.0,0.1
71.7,0.49,93.0,32,94.0,91.0,0.1
72.0,3.755,98.0,526,98.0,98.0,0.1
69.9,6.29,95.0,321,95.0,95.0,0.1
69.5,6.48,99.0,73,98.0,98.0,0.1
69.1,6.82,95.0,55,98.0,99.0,0.1
68.5,6.63,99.0,127,99.0,99.0,0.1
67.8,6.83,99.0,4,98.0,99.0,0.1
67.8,6.64,99.0,0,99.0,98.0,0.1
66.6,7.6,99.0,20,99.0,99.0,0.1
65.3,7.44,94.0,13,94.0,93.0,0.1
65.0,7.08,99.0,109,99.0,99.0,0.1
64.6,6.94,94.0,16118,99.0,98.0,0.1
64.7,6.55,99.0,2204,99.0,82.0,0.1
64.4,6.58,99.0,24,99.0,99.0,0.1
64.7,5.99,95.0,18,95.0,95.0,0.1
64.4,5.75,95.0,94,95.0,95.0,0.1
63.9,6.0,99.0,245,96.0,97.0,0.1
63.4,3.755,89.0,95,83.0,89.0,2.8
62.9,0.01,92.0,354,93.0,92.0,2.9
62.6,1.84,93.0,190,94.0,87.0,3.0
62.1,1.81,94.0,0,94.0,94.0,3.0
61.2,1.8,96.0,2395,97.0,96.0,3.4
63.0,1.73,9.0,95,9.0,9.0,4.3
59.1,1.86,88.0,1218,89.0,88.0,5.0
57.9,1.71,88.0,1282,88.0,88.0,6.4
56.8,1.97,81.0,1516,76.0,81.0,9.1
55.3,1.76,8.0,1847,77.0,8.0,10.3
54.1,1.82,76.0,153,7.0,76.0,11.6
53.0,1.43,73.0,20,73.0,73.0,13.2
52.4,1.49,73.0,65,75.0,73.0,14.5
52.1,1.66,84.0,766,83.0,84.0,15.7
51.9,1.63,92.0,11304,77.0,8.0,16.9
51.9,1.51,92.0,21002,8.0,82.0,18.1
66.3,3.755,82.0,0,8.0,78.0,0.1
66.1,0.01,75.0,0,79.0,75.0,0.1
65.8,0.01,95.0,0,91.0,95.0,0.1
65.7,0.01,94.0,0,92.0,94.0,0.1
65.5,0.53,95.0,0,95.0,99.0,0.1
65.3,0.48,91.0,0,95.0,91.0,0.1
65.2,0.54,86.0,0,84.0,86.0,0.1
65.1,0.46,83.0,0,74.0,82.0,0.1
65.0,0.68,96.0,0,93.0,94.0,0.1
65.0,0.76,88.0,0,86.0,86.0,0.1
64.9,0.6,5.0,0,74.0,79.0,0.1
64.8,0.48,67.0,0,61.0,62.0,0.1
64.7,0.5,73.0,0,79.0,7.0,0.1
64.6,0.49,79.0,0,96.0,77.0,0.1
64.3,0.6,85.0,0,88.0,85.0,0.1
64.1,0.46,9.0,0,9.0,9.0,0.1
74.7,3.755,99.0,18,99.0,99.0,0.1
74.6,0.01,96.0,55,94.0,95.0,0.1
74.5,0.01,99.0,62,99.0,99.0,0.1
74.3,0.01,98.0,27,98.0,98.0,0.1
74.2,0.02,99.0,32,99.0,99.0,0.1
74.0,0.01,99.0,13,98.0,98.0,0.1
73.9,0.1,99.0,0,99.0,99.0,0.1
73.8,0.03,99.0,0,99.0,99.0,0.1
73.7,0.03,99.0,0,99.0,99.0,0.1
73.6,0.01,99.0,0,99.0,99.0,0.1
73.6,0.01,99.0,10,99.0,99.0,0.1
73.5,0.02,94.0,23,98.0,98.0,0.1
73.4,0.03,99.0,0,99.0,99.0,0.1
73.3,0.01,99.0,0,99.0,99.0,0.1
73.2,0.01,99.0,0,99.0,99.0,0.1
73.2,0.01,95.0,6,94.0,98.0,0.1
71.1,3.755,97.0,17779,97.0,97.0,0.1
78.0,0.01,96.0,318,95.0,96.0,0.1
77.0,0.01,97.0,1,97.0,97.0,0.1
69.9,0.01,96.0,0,94.0,96.0,0.1
69.4,3.28,96.0,222,94.0,96.0,0.2
68.8,2.73,96.0,0,88.0,96.0,0.1
68.5,2.39,96.0,1,96.0,95.0,0.1
67.6,2.53,97.0,16,95.0,95.0,0.2
67.2,2.77,94.0,40,94.0,94.0,0.1
66.7,2.48,9.0,27,93.0,92.0,0.1
66.9,2.81,97.0,53,98.0,98.0,0.1
67.1,3.41,99.0,8,98.0,99.0,0.1
66.6,3.52,99.0,6,98.0,98.0,0.1
66.7,3.31,99.0,2,99.0,98.0,0.1
67.2,2.62,57.0,17,99.0,99.0,0.1
66.6,2.13,44.0,16,99.0,99.0,0.1
65.7,3.755,89.0,56,89.0,89.0,0.2
65.3,0.01,88.0,339,88.0,88.0,0.2
64.9,0.01,87.0,71,86.0,87.0,0.3
64.4,0.01,79.0,32,78.0,79.0,0.3
64.0,5.39,78.0,113,79.0,78.0,0.3
63.6,5.95,74.0,153,76.0,74.0,0.3
63.1,5.18,67.0,78,67.0,67.0,0.2
62.6,5.1,61.0,174,6.0,61.0,0.2
62.1,5.0,5.0,1678,46.0,5.0,0.2
61.5,3.69,57.0,58,56.0,57.0,0.2
61.0,3.68,49.0,295,5.0,49.0,0.2
64.0,3.53,45.0,1491,46.0,45.0,0.2
59.8,3.41,5.0,1810,52.0,49.0,0.1
59.3,3.33,92.0,2070,55.0,53.0,0.1
58.7,3.13,92.0,94,55.0,52.0,0.1
58.1,5.16,92.0,332,57.0,51.0,0.1
74.6,3.755,94.0,0,95.0,95.0,0.1
74.4,0.01,92.0,36,92.0,92.0,0.1
74.1,10.37,94.0,0,94.0,94.0,0.1
73.8,10.21,9.0,3,91.0,91.0,0.1
73.6,10.14,89.0,1,92.0,92.0,0.1
72.8,9.8,91.0,0,92.0,92.0,0.1
72.6,9.85,92.0,0,94.0,94.0,0.1
71.9,11.84,93.0,3,94.0,94.0,0.1
78.0,12.12,91.0,0,94.0,94.0,0.1
75.0,10.4,94.0,7,96.0,96.0,0.1
76.0,9.92,99.0,2,99.0,99.0,0.1
71.0,8.81,98.0,0,99.0,99.0,0.1
78.0,8.24,98.0,0,98.0,98.0,0.1
73.0,7.44,98.0,0,98.0,97.0,0.1
69.9,6.68,96.0,1,97.0,97.0,0.1
71.0,7.13,95.0,0,96.0,96.0,0.1
74.9,3.755,81.0,39,75.0,81.0,0.1
74.8,1.32,81.0,112,75.0,81.0,0.1
74.9,1.29,81.0,1761,75.0,81.0,0.1
75.0,1.53,81.0,9,75.0,81.0,0.1
75.0,1.57,81.0,9,75.0,81.0,0.1
74.9,1.58,81.0,12,75.0,81.0,0.1
74.7,1.62,81.0,22,75.0,81.0,0.1
74.5,1.67,81.0,24,75.0,81.0,0.1
74.4,1.72,8.0,373,75.0,8.0,0.1
74.1,1.82,78.0,956,75.0,78.0,0.1
73.9,1.94,77.0,618,74.0,77.0,0.1
73.7,2.1,75.0,213,74.0,75.0,0.1
73.5,2.19,74.0,526,74.0,74.0,0.1
73.2,1.98,77.0,36,77.0,77.0,0.1
73.0,2.19,8.0,8,8.0,8.0,0.1
72.7,2.26,83.0,5,83.0,83.0,0.1
53.7,3.755,93.0,0,9.0,93.0,9.3
52.1,0.01,93.0,0,9.0,93.0,9.4
52.1,0.01,93.0,516,9.0,93.0,9.6
52.2,0.01,95.0,179,93.0,95.0,9.0
52.3,2.39,96.0,172,95.0,96.0,10.5
51.1,2.71,93.0,2488,92.0,93.0,13.4
49.4,2.75,91.0,0,89.0,91.0,18.2
47.8,2.75,88.0,0,86.0,88.0,27.3
46.2,2.69,9.0,2,87.0,88.0,30.0
45.3,2.61,91.0,1,88.0,89.0,34.1
44.5,2.67,87.0,0,88.0,89.0,34.8
44.8,1.8,6.0,31,89.0,9.0,34.6
45.5,1.99,17.0,1,9.0,9.0,33.8
46.4,2.95,92.0,0,84.0,84.0,32.5
47.8,2.86,92.0,217,78.0,78.0,31.2
49.3,3.1,92.0,660,82.0,83.0,29.8
61.4,3.755,52.0,1060,52.0,52.0,0.9
58.1,0.01,5.0,34,49.0,5.0,0.9
61.1,0.01,76.0,0,75.0,76.0,1.1
67.0,0.01,8.0,43,8.0,8.0,1.2
62.0,3.72,77.0,279,77.0,77.0,1.5
59.7,3.64,47.0,2200,71.0,7.0,1.8
59.2,3.75,64.0,6,84.0,81.0,2.1
58.6,3.88,64.0,1,79.0,75.0,2.4
57.9,4.03,92.0,1,67.0,65.0,2.8
56.7,4.05,92.0,20,66.0,6.0,3.0
55.3,4.19,92.0,8,66.0,6.0,3.1
54.0,4.24,92.0,4,47.0,31.0,3.2
50.0,4.21,92.0,142,49.0,35.0,3.2
56.0,4.27,92.0,131,51.0,39.0,3.1
51.5,4.4,92.0,1379,54.0,42.0,3.1
51.9,4.46,92.0,5977,56.0,46.0,3.1
72.7,3.755,97.0,82,97.0,97.0,0.1
72.4,0.01,94.0,372,94.0,94.0,0.1
72.9,0.01,96.0,0,96.0,96.0,0.1
72.9,0.01,98.0,320,98.0,98.0,0.1
71.3,0.01,98.0,0,98.0,98.0,0.1
72.8,0.01,98.0,0,98.0,98.0,0.1
72.7,0.01,98.0,329,98.0,98.0,0.1
72.6,0.01,98.0,8,98.0,98.0,0.1
72.5,0.01,98.0,59,98.0,98.0,0.1
72.2,0.01,98.0,1,98.0,98.0,0.1
71.9,0.01,97.0,292,98.0,98.0,0.1
71.5,0.01,99.0,2771,97.0,97.0,0.1
71.3,0.01,96.0,0,95.0,95.0,0.1
71.1,0.01,91.0,3890,93.0,93.0,0.1
71.0,0.01,93.0,633,94.0,94.0,0.1
78.0,0.01,92.0,0,94.0,94.0,0.1
73.6,3.755,94.0,50,93.0,93.0,0.1
73.4,15.19,94.0,11,93.0,93.0,0.1
73.0,15.04,93.0,35,93.0,93.0,0.1
73.0,15.14,93.0,0,93.0,93.0,0.1
72.8,12.66,95.0,7,92.0,92.0,0.1
72.4,12.9,94.0,2,95.0,95.0,0.1
72.2,12.4,95.0,0,98.0,98.0,0.1
71.1,13.3,96.0,1,96.0,96.0,0.1
72.0,13.4,96.0,0,95.0,95.0,0.1
76.0,12.7,95.0,1,94.0,94.0,0.1
78.0,12.3,95.0,1,93.0,94.0,0.1
71.6,12.1,94.0,1,9.0,94.0,0.1
71.6,11.29,95.0,1,91.0,94.0,0.1
71.4,11.0,94.0,103,97.0,95.0,0.1
71.2,10.2,95.0,7,97.0,95.0,0.1
71.6,9.87,98.0,19,92.0,94.0,0.1
82.0,3.755,94.0,0,99.0,99.0,0.1
81.7,11.12,94.0,0,99.0,99.0,0.1
81.4,11.02,94.0,0,99.0,99.0,0.1
81.1,11.34,94.0,2,99.0,99.0,0.1
88.0,11.5,95.0,6,96.0,99.0,0.1
86.0,11.36,94.0,0,96.0,99.0,0.1
83.0,11.42,95.0,0,96.0,99.0,0.1
80.0,11.53,94.0,1,96.0,99.0,0.1
79.7,11.75,87.0,0,96.0,99.0,0.1
79.4,11.98,95.0,8,99.0,99.0,0.1
78.8,11.84,95.0,0,99.0,99.0,0.1
78.7,12.42,94.0,0,99.0,99.0,0.1
78.6,12.61,95.0,1,99.0,98.0,0.1
78.3,12.91,95.0,0,99.0,99.0,0.1
78.0,12.89,86.0,0,99.0,99.0,0.1
77.8,13.14,77.0,0,99.0,99.0,0.1
65.5,3.755,69.0,3,71.0,69.0,0.3
65.1,0.01,73.0,3,73.0,73.0,0.3
64.7,0.87,74.0,6,73.0,74.0,0.4
64.3,0.87,7.0,2,71.0,7.0,0.4
63.8,0.97,73.0,0,73.0,73.0,0.4
63.3,1.03,7.0,1,7.0,7.0,0.5
62.8,0.91,77.0,0,76.0,77.0,0.5
62.3,0.68,77.0,3,77.0,77.0,0.5
61.9,0.71,84.0,0,83.0,84.0,0.6
61.4,0.68,82.0,2,83.0,85.0,0.6
69.0,0.72,81.0,0,8.0,85.0,0.6
64.0,0.81,71.0,35558,74.0,78.0,0.6
59.9,0.93,61.0,62233,65.0,66.0,0.7
59.3,0.9,51.0,10795,61.0,62.0,0.7
58.7,1.05,92.0,9357,6.0,6.0,0.7
57.9,1.16,92.0,35256,58.0,57.0,0.6
58.3,3.755,88.0,0,88.0,88.0,4.8
57.6,0.01,91.0,3,87.0,91.0,5.1
56.7,0.01,89.0,1,89.0,89.0,6.3
55.3,0.01,96.0,11,95.0,96.0,8.3
54.1,1.23,97.0,26,97.0,97.0,11.2
52.9,1.08,93.0,118712,86.0,93.0,13.7
51.5,1.16,93.0,21,93.0,93.0,14.9
50.0,1.27,91.0,20,92.0,91.0,16.9
48.5,1.18,87.0,143,88.0,87.0,19.3
47.1,1.18,99.0,1,99.0,99.0,21.1
46.0,1.04,93.0,184,94.0,93.0,22.4
45.1,1.11,89.0,1116,94.0,89.0,23.4
44.6,1.08,84.0,167,85.0,84.0,24.2
44.0,1.1,64.0,92,79.0,64.0,24.7
43.5,1.15,92.0,150,86.0,9.0,25.1
43.1,1.18,92.0,304,73.0,75.0,25.5
75.0,3.755,99.0,1318,99.0,99.0,0.1
74.8,0.52,96.0,221,97.0,97.0,0.1
74.6,0.53,96.0,195,97.0,97.0,0.1
74.5,0.53,97.0,1868,97.0,97.0,0.1
74.3,0.51,96.0,1569,96.0,96.0,0.1
74.1,0.49,96.0,73,96.0,96.0,0.1
74.0,0.47,96.0,153,97.0,97.0,0.1
73.8,0.47,97.0,334,97.0,97.0,0.1
73.7,0.43,96.0,394,97.0,97.0,0.1
73.6,0.42,95.0,564,95.0,95.0,0.1
73.4,0.46,96.0,1407,96.0,96.0,0.1
73.2,0.49,94.0,5729,95.0,95.0,0.1
73.1,0.48,95.0,632,96.0,96.0,0.1
72.9,0.49,95.0,408,94.0,94.0,0.1
72.7,0.53,95.0,2198,95.0,96.0,0.1
72.4,0.54,97.0,6187,98.0,98.0,0.1
78.5,3.755,99.0,0,99.0,99.0,0.1
78.2,0.01,99.0,0,99.0,99.0,0.1
77.9,0.01,99.0,0,99.0,99.0,0.1
77.6,0.01,99.0,0,99.0,99.0,0.1
77.3,1.92,96.0,0,96.0,96.0,0.1
76.7,1.83,97.0,0,97.0,96.0,0.1
76.3,1.59,98.0,6,98.0,98.0,0.1
75.9,1.76,98.0,0,98.0,98.0,0.1
75.4,1.78,98.0,20,98.0,98.0,0.1
75.0,1.62,98.0,47,98.0,98.0,0.1
74.3,1.47,98.0,1395,98.0,98.0,0.1
73.4,1.6,97.0,37,96.0,96.0,0.1
72.7,1.75,98.0,75,98.0,98.0,0.1
71.8,1.95,98.0,926,98.0,98.0,0.1
78.0,1.98,98.0,0,97.0,98.0,0.1
69.6,1.83,96.0,20,98.0,98.0,0.1
58.2,3.755,64.0,215,66.0,64.0,1.5
57.8,0.01,73.0,290,74.0,73.0,1.6
57.3,0.01,69.0,221,7.0,69.0,1.6
57.2,0.01,66.0,341,72.0,66.0,1.5
56.8,0.61,66.0,24,72.0,66.0,1.5
56.5,0.6,72.0,1719,77.0,73.0,1.5
56.0,0.59,71.0,2939,77.0,73.0,1.6
55.5,0.57,74.0,98,74.0,74.0,1.6
55.0,0.55,74.0,2,76.0,74.0,1.7
54.3,0.53,9.0,128,79.0,78.0,1.8
53.6,0.55,83.0,33,78.0,77.0,1.9
52.8,0.49,73.0,172,7.0,69.0,2.0
52.0,0.54,79.0,232,67.0,63.0,2.2
51.2,0.53,92.0,717,65.0,61.0,2.3
55.0,0.51,92.0,4464,56.0,49.0,2.4
49.8,0.47,92.0,1578,53.0,43.0,2.5
81.7,3.755,95.0,2,97.0,97.0,0.1
81.4,8.49,9.0,0,99.0,99.0,0.1
81.1,8.58,94.0,0,99.0,99.0,0.1
81.0,7.67,93.0,0,99.0,99.0,0.1
87.0,6.91,82.0,3,96.0,96.0,0.1
83.0,7.91,75.0,0,76.0,76.0,0.1
82.0,7.38,86.0,1,73.0,73.0,0.1
80.0,7.14,86.0,1,72.0,72.0,0.1
79.6,7.45,82.0,2,76.0,74.0,0.1
79.3,8.84,86.0,1,83.0,85.0,0.1
79.0,6.41,85.0,6,94.0,92.0,0.1
78.7,6.53,85.0,4,89.0,89.0,0.1
78.5,6.7,89.0,4,94.0,94.0,0.1
78.2,5.73,92.0,7,95.0,95.0,0.1
77.8,5.62,92.0,2,95.0,95.0,0.1
77.5,5.59,92.0,2,94.0,94.0,0.1
72.1,0.01,8.0,0,79.0,79.0,0.1
63.1,3.755,73.0,1,67.0,73.0,0.9
63.0,0.01,84.0,14,84.0,84.0,0.9
62.7,0.01,8.0,62,8.0,8.0,1.1
62.5,0.01,8.0,35,8.0,8.0,1.2
62.2,0.01,75.0,234,73.0,75.0,1.2
62.0,0.01,64.0,1292,52.0,64.0,1.2
61.7,0.01,64.0,322,63.0,64.0,1.2
61.4,0.02,74.0,4,73.0,74.0,1.3
61.2,0.02,74.0,11,75.0,75.0,1.3
69.0,0.01,68.0,22,68.0,68.0,1.3
66.0,0.01,42.0,127,71.0,71.0,1.3
64.0,0.01,92.0,5039,68.0,7.0,1.3
63.0,0.01,92.0,3611,75.0,76.0,1.3
62.0,0.02,92.0,883,91.0,89.0,1.2
61.0,0.01,92.0,1398,75.0,75.0,1.2
60.0,0.03,92.0,0,58.0,51.0,1.1
74.6,3.755,97.0,0,98.0,97.0,0.1
74.2,0.01,97.0,0,98.0,97.0,0.1
74.1,0.01,98.0,0,98.0,98.0,0.1
73.9,0.01,98.0,0,98.0,98.0,0.1
73.6,3.03,98.0,2,98.0,98.0,0.1
73.3,2.95,99.0,12,99.0,99.0,0.2
72.8,2.83,99.0,15,99.0,99.0,0.1
72.7,2.49,99.0,12,99.0,99.0,0.1
72.9,3.24,97.0,13,96.0,97.0,0.1
71.8,3.73,97.0,3,98.0,97.0,0.1
72.1,3.94,97.0,7,97.0,97.0,0.1
71.9,4.16,98.0,28,98.0,98.0,0.1
71.5,4.08,97.0,777,99.0,99.0,0.1
71.5,4.14,88.0,0,88.0,88.0,0.1
71.5,4.38,92.0,0,93.0,92.0,0.1
71.0,4.6,88.0,0,88.0,88.0,0.1
76.7,3.755,82.0,0,87.0,87.0,0.1
76.6,5.26,84.0,3,87.0,87.0,0.1
76.6,5.23,82.0,0,83.0,83.0,0.1
76.3,5.29,99.0,0,99.0,99.0,0.1
76.1,5.3,98.0,3,97.0,97.0,0.1
75.6,5.21,93.0,0,95.0,95.0,0.1
75.7,5.27,95.0,0,95.0,95.0,0.1
75.6,5.36,97.0,0,96.0,96.0,0.1
76.0,5.35,98.0,0,98.0,98.0,0.1
75.8,5.11,98.0,23,98.0,98.0,0.1
75.3,4.93,98.0,6,98.0,98.0,0.1
75.4,4.9,98.0,64,98.0,98.0,0.1
75.0,4.88,98.0,44,98.0,98.0,0.1
75.0,4.77,97.0,0,98.0,97.0,0.1
75.0,4.86,97.0,3,97.0,97.0,0.1
74.8,4.99,97.0,30,97.0,97.0,0.1
69.4,3.755,78.0,0,71.0,72.0,0.1
69.4,1.58,81.0,140,76.0,77.0,0.1
69.2,1.67,83.0,0,81.0,81.0,0.1
69.0,2.98,82.0,0,81.0,81.0,0.1
68.9,1.89,83.0,0,83.0,84.0,0.1
68.7,1.76,88.0,0,85.0,85.0,0.1
68.5,2.06,89.0,0,81.0,91.0,0.1
68.4,1.97,89.0,0,88.0,85.0,0.1
68.2,1.64,9.0,0,79.0,79.0,0.1
68.0,1.73,84.0,0,81.0,67.0,0.1
67.9,1.9,91.0,0,94.0,94.0,0.1
67.7,2.02,8.0,0,82.0,78.0,0.1
67.5,3.15,89.0,0,88.0,92.0,0.1
66.2,2.78,85.0,0,84.0,84.0,0.1
67.2,2.82,81.0,0,79.0,75.0,0.1
67.0,2.23,87.0,0,85.0,85.0,0.1
72.1,0.01,99.0,0,99.0,99.0,0.1
68.8,3.755,99.0,20359,99.0,99.0,0.1
68.4,0.01,99.0,0,99.0,99.0,0.1
68.1,0.01,98.0,0,98.0,98.0,0.1
67.8,0.01,99.0,0,99.0,99.0,0.1
67.3,0.01,99.0,0,99.0,99.0,0.1
66.3,5.8,96.0,7,96.0,96.0,0.1
66.9,4.61,97.0,8,96.0,95.0,0.1
67.4,4.26,96.0,31,95.0,96.0,0.1
65.9,3.79,98.0,12,99.0,95.0,0.1
65.0,2.91,98.0,26,98.0,99.0,0.1
64.5,2.75,98.0,0,99.0,99.0,0.1
64.0,1.75,98.0,0,99.0,99.0,0.1
64.0,1.31,98.0,18,98.0,98.0,0.1
63.8,2.43,98.0,1205,98.0,98.0,0.1
63.2,2.87,95.0,10677,95.0,95.0,0.1
62.8,2.79,93.0,925,94.0,94.0,0.1
76.1,3.755,82.0,0,89.0,89.0,0.1
75.9,0.01,87.0,0,91.0,91.0,0.1
75.8,0.01,9.0,0,94.0,94.0,0.1
75.6,0.01,9.0,0,94.0,94.0,0.1
75.4,6.56,91.0,5,95.0,95.0,0.1
75.3,6.56,9.0,5,93.0,94.0,0.1
75.0,6.45,87.0,0,91.0,92.0,0.1
74.6,6.17,93.0,0,95.0,95.0,0.1
74.2,4.98,9.0,0,92.0,92.0,0.1
73.8,5.38,9.0,0,9.0,9.0,0.1
73.6,3.755,92.0,0,93.0,93.0,0.1
73.5,0.01,92.0,0,93.0,93.0,0.1
73.5,0.01,92.0,0,93.0,93.0,0.1
73.4,0.01,92.0,0,93.0,93.0,0.1
73.3,0.01,92.0,0,93.0,93.0,0.1
73.0,0.01,92.0,0,93.0,93.0,0.1
74.3,3.755,99.0,17,99.0,99.0,0.1
74.1,0.43,99.0,10,99.0,99.0,0.1
73.9,0.45,99.0,92,99.0,99.0,0.1
73.6,0.55,99.0,668,99.0,99.0,0.1
73.3,0.54,98.0,982,98.0,99.0,0.1
72.8,0.56,98.0,633,99.0,99.0,0.1
72.3,0.62,98.0,834,99.0,99.0,0.1
71.8,0.51,97.0,1455,99.0,99.0,0.1
71.4,0.56,95.0,2248,95.0,95.0,0.1
71.0,0.58,95.0,1217,97.0,97.0,0.1
77.0,0.47,96.0,0,98.0,98.0,0.1
72.0,0.56,95.0,6399,97.0,97.0,0.1
69.9,0.58,9.0,10841,91.0,91.0,0.1
69.5,0.46,92.0,6000,94.0,94.0,0.1
69.0,0.46,84.0,2724,93.0,96.0,0.1
68.6,0.45,43.0,7368,95.0,95.0,0.1
57.6,3.755,8.0,79,8.0,8.0,3.9
56.7,0.01,79.0,9,79.0,79.0,4.1
55.3,1.16,78.0,8,78.0,78.0,5.1
54.8,1.19,76.0,145,73.0,76.0,6.9
54.3,0.94,76.0,177,73.0,76.0,9.6
54.0,0.96,74.0,2321,73.0,74.0,10.8
53.8,1.18,74.0,60,74.0,74.0,11.3
53.2,1.48,75.0,4,74.0,75.0,12.6
52.1,1.03,75.0,267,75.0,75.0,14.1
51.2,1.2,75.0,183,73.0,78.0,16.3
58.0,1.23,75.0,12598,71.0,8.0,16.2
54.0,1.54,76.0,9396,69.0,83.0,15.9
51.0,1.68,76.0,28898,67.0,85.0,15.3
49.8,2.16,76.0,7155,76.0,76.0,14.5
49.5,2.09,25.0,7085,72.0,73.0,13.4
49.0,1.14,92.0,7375,69.0,7.0,12.2
66.6,3.755,89.0,6,89.0,89.0,0.3
66.4,0.01,88.0,122,88.0,88.0,0.3
66.2,0.7,75.0,1010,76.0,75.0,0.4
65.9,0.55,58.0,2175,87.0,84.0,0.5
65.6,0.33,4.0,2046,9.0,84.0,0.5
65.4,0.3,92.0,190,9.0,9.0,0.5
65.2,0.28,91.0,329,9.0,9.0,0.6
59.2,0.3,85.0,333,85.0,85.0,0.6
64.5,0.26,85.0,1088,84.0,86.0,0.6
64.2,0.28,75.0,760,82.0,82.0,0.6
63.9,0.28,62.0,314,86.0,73.0,0.5
63.5,0.44,39.0,1329,92.0,82.0,0.5
63.2,0.4,8.0,830,86.0,78.0,0.5
62.8,0.41,92.0,736,84.0,79.0,0.4
62.5,0.38,92.0,2519,77.0,73.0,0.4
62.1,0.35,92.0,845,88.0,82.0,0.4
65.8,3.755,92.0,212,92.0,92.0,2.1
65.9,0.01,88.0,477,88.0,88.0,2.2
66.1,0.01,89.0,1028,89.0,89.0,2.5
65.8,0.01,84.0,86,84.0,84.0,3.7
64.3,7.84,82.0,79,85.0,82.0,4.7
63.0,7.58,83.0,3138,83.0,83.0,6.2
62.4,7.99,92.0,4076,83.0,83.0,8.7
61.7,6.28,92.0,0,83.0,83.0,11.7
60.0,5.12,92.0,21,81.0,86.0,15.2
57.0,4.94,92.0,3,74.0,86.0,19.2
55.1,4.89,92.0,4,86.0,86.0,22.1
54.7,4.8,92.0,4,81.0,81.0,24.0
55.0,5.28,92.0,262,82.0,79.0,24.7
55.7,5.09,92.0,1278,78.0,77.0,24.6
56.5,5.09,92.0,416,79.0,78.0,23.9
57.4,5.73,92.0,469,8.0,79.0,22.8
72.1,0.01,87.0,0,87.0,87.0,0.1
69.2,3.755,91.0,1599,9.0,91.0,0.1
69.6,0.01,92.0,1279,92.0,92.0,0.1
69.3,0.27,92.0,1861,92.0,92.0,0.1
68.9,0.26,9.0,3362,9.0,9.0,0.2
68.4,0.27,92.0,2359,92.0,92.0,0.2
68.0,0.24,82.0,190,83.0,82.0,0.2
67.5,0.22,89.0,189,93.0,89.0,0.2
67.0,0.21,82.0,2089,82.0,82.0,0.2
66.6,0.2,82.0,1415,82.0,82.0,0.2
66.0,0.2,69.0,2838,91.0,89.0,0.2
65.4,0.2,41.0,5023,78.0,75.0,0.2
64.7,0.21,27.0,12074,8.0,8.0,0.2
64.3,0.2,2.0,13344,76.0,78.0,0.1
63.1,0.19,92.0,6749,72.0,72.0,0.1
63.2,0.09,92.0,10849,73.0,72.0,0.1
62.5,0.08,92.0,9397,74.0,74.0,0.1
81.9,3.755,94.0,7,95.0,95.0,0.1
81.7,0.01,92.0,140,96.0,96.0,0.1
81.4,8.68,51.0,2632,97.0,97.0,0.1
81.1,9.05,2.0,10,97.0,97.0,0.1
81.1,8.96,2.0,51,97.0,97.0,0.1
88.0,9.33,92.0,15,97.0,97.0,0.1
86.0,9.23,92.0,15,97.0,97.0,0.1
83.0,9.62,92.0,109,97.0,97.0,0.1
82.0,9.53,92.0,10,97.0,97.0,0.1
79.8,9.79,92.0,1,96.0,96.0,0.1
79.4,9.69,92.0,4,96.0,96.0,0.1
79.2,9.56,92.0,11,98.0,98.0,0.1
78.7,9.56,92.0,4,98.0,98.0,0.1
78.4,9.68,92.0,3,97.0,97.0,0.1
78.3,9.95,92.0,0,97.0,97.0,0.1
78.1,10.06,92.0,1019,97.0,97.0,0.1
81.6,8.7,92.0,10,92.0,92.0,0.1
81.5,9.07,93.0,280,93.0,93.0,0.1
81.3,9.18,93.0,8,92.0,92.0,0.1
81.1,9.2,93.0,68,93.0,93.0,0.1
86.0,9.47,95.0,597,95.0,95.0,0.1
89.0,9.62,9.0,43,93.0,93.0,0.1
85.0,9.24,93.0,198,92.0,92.0,0.1
81.0,9.49,9.0,0,89.0,89.0,0.1
81.0,9.19,88.0,25,88.0,88.0,0.1
79.9,9.34,87.0,20,89.0,89.0,0.1
79.9,9.31,87.0,20,89.0,89.0,0.1
79.2,9.15,88.0,33,87.0,89.0,0.1
79.1,8.91,89.0,66,86.0,9.0,0.1
78.7,9.13,89.0,21,84.0,9.0,0.1
78.5,8.75,9.0,65,82.0,9.0,0.1
78.6,8.91,9.0,65,82.0,9.0,0.1
74.8,3.755,98.0,0,99.0,98.0,0.1
74.5,3.55,98.0,0,99.0,98.0,0.1
73.9,3.58,98.0,0,99.0,98.0,0.1
73.9,3.63,98.0,0,99.0,98.0,0.1
74.5,3.39,98.0,0,99.0,98.0,0.1
73.2,3.38,98.0,0,99.0,98.0,0.1
73.2,3.36,98.0,0,99.0,98.0,0.2
72.5,3.64,97.0,0,97.0,97.0,0.2
72.5,3.83,93.0,0,93.0,93.0,0.2
73.0,3.69,88.0,0,88.0,88.0,0.3
71.2,3.7,86.0,0,87.0,86.0,0.3
71.0,3.81,79.0,0,8.0,79.0,0.3
76.0,3.77,86.0,0,86.0,86.0,0.3
75.0,3.5,85.0,0,85.0,85.0,0.4
73.0,3.51,87.0,0,89.0,87.0,0.4
73.0,3.61,83.0,0,85.0,83.0,0.4
61.8,3.755,65.0,7693,65.0,65.0,0.4
61.4,0.01,68.0,1142,67.0,68.0,0.5
69.0,0.01,67.0,1224,56.0,67.0,0.6
63.0,0.01,71.0,272,71.0,71.0,0.7
59.4,0.15,75.0,771,4.0,75.0,0.7
58.2,0.12,7.0,372,75.0,7.0,0.9
57.1,0.11,71.0,801,71.0,71.0,1.1
56.0,0.12,92.0,1317,68.0,67.0,1.3
55.2,0.1,92.0,282,57.0,57.0,1.4
54.5,0.11,92.0,59,52.0,51.0,1.5
53.7,0.11,92.0,2183,46.0,45.0,1.6
52.9,0.11,92.0,63057,45.0,43.0,1.6
52.1,0.1,92.0,54190,44.0,41.0,1.6
51.4,0.1,92.0,31584,43.0,39.0,1.6
56.0,0.11,92.0,61208,42.0,36.0,1.6
50.0,0.1,92.0,21319,41.0,34.0,1.5
54.5,3.755,49.0,12423,49.0,49.0,3.7
53.6,0.01,49.0,6855,49.0,49.0,3.9
53.2,8.3,46.0,52852,46.0,46.0,3.9
52.7,8.54,42.0,6447,42.0,42.0,4.4
52.3,8.75,46.0,18843,48.0,48.0,4.7
52.0,8.9,49.0,8491,54.0,54.0,4.8
51.6,9.05,63.0,1272,66.0,63.0,4.9
59.0,9.3,41.0,9960,6.0,53.0,5.0
55.0,9.55,42.0,2613,54.0,42.0,5.2
49.8,9.66,27.0,704,46.0,4.0,5.3
49.2,9.71,18.0,110927,45.0,36.0,5.4
48.5,9.76,92.0,31521,43.0,33.0,5.4
48.1,9.75,92.0,141258,42.0,29.0,5.4
47.7,9.61,92.0,42007,4.0,25.0,5.3
47.4,9.58,92.0,168107,36.0,27.0,5.1
47.1,9.23,92.0,212183,31.0,29.0,4.9
72.1,0.01,99.0,0,99.0,99.0,0.1
81.8,5.97,92.0,14,95.0,95.0,0.1
81.6,6.06,92.0,3,93.0,93.0,0.1
81.5,6.21,92.0,8,94.0,94.0,0.1
81.3,6.21,92.0,4,95.0,95.0,0.1
81.1,6.53,92.0,39,94.0,94.0,0.1
81.0,6.59,92.0,3,93.0,93.0,0.1
89.0,6.68,92.0,2,94.0,94.0,0.1
86.0,6.75,92.0,4,94.0,94.0,0.1
85.0,6.6,92.0,0,93.0,93.0,0.1
84.0,6.47,92.0,0,94.0,94.0,0.1
81.0,6.37,92.0,0,91.0,91.0,0.1
79.8,6.22,92.0,7,92.0,92.0,0.1
79.4,6.04,92.0,8,92.0,92.0,0.1
78.9,5.89,92.0,5,93.0,93.0,0.1
78.8,5.49,92.0,4,91.0,91.0,0.1
78.5,5.67,92.0,0,91.0,9.0,0.1
76.6,3.755,99.0,0,99.0,99.0,0.1
76.4,0.4,99.0,0,99.0,99.0,0.1
76.2,0.46,98.0,0,99.0,98.0,0.1
76.0,0.51,98.0,13,99.0,98.0,0.1
75.8,0.54,99.0,5,99.0,99.0,0.1
75.6,0.56,99.0,3,99.0,99.0,0.1
75.4,0.56,98.0,19,96.0,98.0,0.1
75.2,0.57,99.0,18,97.0,99.0,0.1
74.9,0.57,99.0,24,97.0,99.0,0.1
74.7,0.58,99.0,13,98.0,98.0,0.1
74.3,0.63,99.0,25,99.0,99.0,0.1
74.0,0.61,99.0,18,99.0,99.0,0.1
73.6,0.56,99.0,1,99.0,99.0,0.1
73.3,0.54,99.0,5,99.0,99.0,0.1
72.9,0.55,99.0,15,99.0,99.0,0.1
72.6,0.38,99.0,15,99.0,99.0,0.1
66.4,3.755,72.0,386,72.0,72.0,0.1
66.2,0.01,72.0,1370,72.0,72.0,0.1
66.0,0.04,72.0,8749,72.0,72.0,0.1
65.7,0.04,72.0,8046,72.0,72.0,0.1
65.5,0.04,74.0,4386,75.0,74.0,0.1
65.1,0.04,82.0,4321,82.0,82.0,0.1
64.8,0.03,78.0,863,7.0,71.0,0.1
64.6,0.03,65.0,1129,7.0,62.0,0.1
64.4,0.03,75.0,2801,75.0,75.0,0.1
64.2,0.03,78.0,7641,77.0,78.0,0.1
62.9,0.04,7.0,2981,78.0,77.0,0.1
63.7,0.01,65.0,4248,65.0,65.0,0.1
63.5,0.01,63.0,4740,69.0,67.0,0.1
63.2,0.01,92.0,3903,71.0,68.0,0.1
63.0,0.01,92.0,3849,68.0,65.0,0.1
62.8,0.02,92.0,2064,65.0,62.0,0.1
72.1,3.755,99.0,0,99.0,99.0,0.1
77.8,3.755,73.0,0,72.0,73.0,0.1
77.6,6.74,8.0,0,8.0,8.0,0.1
77.5,6.89,8.0,0,81.0,8.0,0.1
77.2,6.95,85.0,0,87.0,85.0,0.1
77.3,6.9,87.0,4,91.0,87.0,0.1
76.5,6.94,94.0,0,95.0,94.0,0.1
76.8,6.87,85.0,0,85.0,85.0,0.1
76.5,6.74,86.0,0,86.0,86.0,0.1
76.4,6.16,85.0,0,84.0,85.0,0.2
76.2,5.72,88.0,0,98.0,88.0,0.1
75.8,5.53,92.0,0,88.0,92.0,0.1
75.8,5.69,95.0,0,92.0,95.0,0.2
75.5,5.52,98.0,0,95.0,98.0,0.1
75.7,5.52,98.0,0,99.0,99.0,0.2
75.5,5.43,98.0,0,95.0,99.0,0.1
75.7,5.58,92.0,0,99.0,98.0,0.2
62.9,3.755,67.0,38,74.0,73.0,0.6
62.7,0.01,67.0,2299,64.0,73.0,0.7
62.4,0.01,73.0,12,8.0,79.0,0.8
62.2,0.01,68.0,0,81.0,74.0,1.0
62.0,0.88,66.0,0,69.0,72.0,1.0
61.8,0.79,56.0,0,72.0,67.0,1.1
61.6,0.82,66.0,0,79.0,73.0,1.1
61.4,0.81,59.0,0,76.0,63.0,1.3
61.1,0.71,61.0,0,72.0,71.0,1.4
68.0,0.64,71.0,1,67.0,72.0,1.5
64.0,0.84,63.0,1222,61.0,72.0,1.5
59.9,0.58,6.0,1385,59.0,62.0,1.5
59.6,0.59,67.0,3863,62.0,68.0,1.4
59.3,0.61,6.0,17620,54.0,61.0,1.4
59.1,0.68,59.0,4023,52.0,55.0,1.3
58.9,0.73,57.0,7135,51.0,59.0,1.1
74.0,3.755,93.0,0,89.0,93.0,0.2
73.9,0.01,87.0,0,83.0,87.0,0.2
73.8,5.03,86.0,0,8.0,86.0,0.2
73.6,5.36,87.0,0,83.0,87.0,0.1
73.4,5.79,89.0,0,84.0,89.0,0.1
73.2,5.65,89.0,0,85.0,89.0,0.1
73.0,5.39,85.0,0,81.0,85.0,0.1
72.7,6.14,87.0,0,85.0,89.0,0.1
72.5,5.61,86.0,0,95.0,95.0,0.1
72.3,5.61,92.0,0,98.0,98.0,0.2
72.1,6.38,92.0,0,96.0,96.0,0.2
71.9,6.2,9.0,0,92.0,92.0,0.2
71.7,6.64,86.0,0,86.0,86.0,0.1
71.5,5.66,92.0,0,87.0,87.0,0.1
71.2,6.66,92.0,0,9.0,89.0,0.1
79.0,6.78,92.0,0,86.0,86.0,0.1
75.5,3.755,9.0,4,88.0,9.0,0.1
75.3,0.01,88.0,0,78.0,88.0,0.1
75.3,5.38,88.0,0,71.0,88.0,0.1
74.9,5.14,95.0,0,94.0,95.0,0.1
74.5,4.83,91.0,0,91.0,91.0,0.2
73.7,4.72,93.0,0,92.0,93.0,0.2
73.8,4.69,93.0,0,92.0,93.0,0.3
73.9,4.85,93.0,1,93.0,93.0,0.3
74.0,4.29,93.0,0,93.0,93.0,0.3
74.2,4.22,94.0,0,94.0,94.0,0.4
72.8,4.44,94.0,0,66.0,77.0,0.4
72.2,4.27,92.0,0,81.0,86.0,0.4
72.1,4.5,65.0,0,95.0,94.0,0.4
72.6,4.03,92.0,0,95.0,95.0,0.4
72.4,4.22,92.0,0,9.0,9.0,0.5
71.4,4.59,92.0,1,93.0,98.0,0.5
68.5,3.755,6.0,619,79.0,6.0,0.1
68.4,4.52,67.0,58848,77.0,67.0,0.1
68.1,4.61,89.0,2920,84.0,89.0,0.1
68.1,5.02,88.0,1536,88.0,88.0,0.1
68.0,4.96,87.0,6538,87.0,87.0,0.1
67.9,4.85,77.0,6368,78.0,79.0,0.1
68.0,4.42,85.0,1469,86.0,87.0,0.1
67.5,4.21,88.0,341,91.0,91.0,0.1
67.5,4.19,87.0,530,87.0,87.0,0.1
67.3,4.08,77.0,9,88.0,88.0,0.1
67.0,4.22,49.0,118,9.0,89.0,0.1
67.3,4.45,48.0,3025,85.0,88.0,0.1
67.2,4.44,52.0,10511,85.0,84.0,0.1
66.8,4.42,42.0,7003,77.0,79.0,0.1
66.8,4.54,45.0,7360,76.0,79.0,0.1
66.8,4.73,7.0,7120,74.0,78.0,0.1
77.5,3.755,96.0,0,92.0,98.0,0.1
77.3,10.71,96.0,0,94.0,98.0,0.1
77.1,11.63,96.0,84,95.0,99.0,0.1
76.8,10.81,97.0,71,95.0,99.0,0.1
76.7,10.93,98.0,0,96.0,99.0,0.1
76.3,10.59,98.0,13,96.0,99.0,0.1
75.7,10.7,98.0,115,96.0,99.0,0.1
75.5,11.4,98.0,0,96.0,99.0,0.1
75.3,10.9,98.0,40,99.0,99.0,0.1
75.2,10.4,98.0,120,99.0,99.0,0.1
75.0,9.5,98.0,13,99.0,99.0,0.1
74.9,9.19,98.0,11,99.0,99.0,0.1
74.7,9.06,97.0,48,98.0,99.0,0.1
74.5,8.02,98.0,34,98.0,99.0,0.1
74.2,7.74,95.0,133,98.0,98.0,0.1
73.7,8.4,99.0,77,98.0,98.0,0.1
81.1,3.755,98.0,8,98.0,98.0,0.1
89.0,9.88,98.0,0,98.0,98.0,0.1
86.0,10.0,98.0,1,98.0,98.0,0.1
83.0,11.96,98.0,23,98.0,98.0,0.1
82.0,11.92,97.0,2,97.0,97.0,0.1
79.6,12.25,97.0,5,97.0,98.0,0.1
79.3,12.03,96.0,3,96.0,96.0,0.1
79.0,12.35,97.0,1,97.0,97.0,0.1
78.7,12.57,97.0,0,96.0,97.0,0.1
78.5,13.11,97.0,0,97.0,97.0,0.1
77.7,13.33,94.0,7,93.0,93.0,0.1
78.0,13.45,94.0,5,95.0,95.0,0.1
77.3,14.21,94.0,8,96.0,99.0,0.1
77.2,12.0,82.0,8,96.0,98.0,0.1
76.9,12.22,7.0,0,96.0,97.0,0.1
76.6,11.89,58.0,45,96.0,96.0,0.1
78.2,3.755,99.0,18,99.0,99.0,0.1
78.1,1.15,89.0,46,99.0,89.0,0.1
77.9,1.2,97.0,73,99.0,97.0,0.1
77.8,1.13,93.0,160,93.0,92.0,0.1
77.5,1.16,93.0,101,92.0,93.0,0.1
77.3,1.16,97.0,295,98.0,97.0,0.1
77.0,1.11,99.0,112,98.0,99.0,0.1
76.8,1.37,97.0,0,98.0,97.0,0.1
76.7,1.24,94.0,361,97.0,94.0,0.1
76.6,1.28,96.0,144,95.0,96.0,0.1
76.6,1.18,97.0,74,98.0,97.0,0.1
76.6,1.11,97.0,29,95.0,96.0,0.1
76.5,1.0,93.0,24,93.0,92.0,0.1
76.4,0.87,98.0,34,96.0,96.0,0.1
76.3,0.76,93.0,23,93.0,93.0,0.1
76.2,0.5,89.0,46,91.0,8.0,0.1
82.3,3.755,98.0,7,98.0,98.0,0.1
82.0,0.01,99.0,442,99.0,99.0,0.1
81.7,9.33,99.0,107,99.0,99.0,0.1
81.2,9.56,99.0,2,99.0,99.0,0.1
81.1,9.34,99.0,42,98.0,99.0,0.1
87.0,9.23,94.0,114,95.0,94.0,0.1
86.0,8.97,94.0,17,95.0,94.0,0.1
83.0,9.31,94.0,2,92.0,94.0,0.1
79.8,9.05,91.0,194,91.0,91.0,0.1
79.4,8.83,99.0,28,98.0,98.0,0.1
78.7,9.03,99.0,7,96.0,96.0,0.1
78.2,9.18,92.0,11,9.0,88.0,0.1
77.6,9.66,91.0,33,94.0,97.0,0.1
77.1,9.55,92.0,62,99.0,97.0,0.1
76.7,11.45,89.0,23060,99.0,97.0,0.1
76.0,10.33,93.0,32647,99.0,97.0,0.1
72.1,3.755,88.0,0,88.0,87.0,0.1
71.8,9.99,92.0,2,92.0,9.0,0.1
71.7,10.49,91.0,27,92.0,9.0,0.1
79.0,10.68,94.0,11,92.0,92.0,0.1
77.0,9.45,96.0,0,96.0,93.0,0.1
68.8,8.25,98.0,0,97.0,9.0,0.1
69.0,8.45,89.0,0,87.0,85.0,0.1
68.9,9.07,97.0,0,96.0,9.0,0.1
68.3,9.66,95.0,10,93.0,92.0,0.1
68.0,8.36,98.0,34,98.0,97.0,0.1
67.3,10.78,99.0,6,99.0,98.0,0.1
68.0,12.27,99.0,4,98.0,98.0,0.1
67.6,8.15,99.0,87,98.0,98.0,0.1
67.5,6.71,99.0,4929,98.0,97.0,0.1
67.6,10.98,94.0,457,98.0,97.0,0.1
67.1,9.89,92.0,687,97.0,95.0,0.1
75.0,3.755,9.0,4,89.0,89.0,0.1
74.8,0.01,94.0,59,94.0,94.0,0.1
74.6,9.59,96.0,1159,88.0,92.0,0.1
74.4,9.58,96.0,7450,92.0,91.0,0.1
74.3,9.1,96.0,4189,89.0,89.0,0.1
73.4,9.0,98.0,193,94.0,94.0,0.1
73.1,10.4,95.0,8,95.0,95.0,0.1
73.1,11.9,97.0,12,95.0,96.0,0.1
72.9,10.6,99.0,353,96.0,96.0,0.1
72.5,8.51,99.0,3196,97.0,97.0,0.1
71.9,7.68,98.0,5043,97.0,97.0,0.1
71.7,9.82,99.0,117,97.0,97.0,0.1
71.1,8.78,98.0,9,97.0,97.0,0.1
77.0,9.62,99.0,14,98.0,98.0,0.1
78.0,9.78,98.0,10,99.0,99.0,0.1
77.0,10.16,98.0,35,99.0,99.0,0.1
75.0,3.755,97.0,843,97.0,97.0,0.1
73.0,10.12,97.0,4711,97.0,97.0,0.1
70.0,10.58,97.0,2339,98.0,97.0,0.2
69.6,10.99,97.0,2123,98.0,97.0,0.3
69.4,11.04,97.0,629,97.0,97.0,0.3
68.4,11.05,97.0,129,98.0,97.0,0.2
68.2,11.21,98.0,101,98.0,98.0,0.3
67.5,12.04,98.0,27,98.0,98.0,0.3
67.3,12.19,98.0,173,98.0,98.0,0.3
66.4,11.79,98.0,1147,98.0,98.0,0.3
65.0,11.57,97.0,454,98.0,98.0,0.3
64.9,11.5,96.0,2444,98.0,97.0,0.3
64.6,11.32,94.0,3291,97.0,96.0,0.4
64.8,10.87,81.0,580,97.0,97.0,0.3
65.1,10.47,43.0,2072,97.0,96.0,0.3
65.0,10.18,92.0,4800,97.0,96.0,0.2
66.1,3.755,98.0,1,99.0,98.0,0.4
65.7,0.01,98.0,10,98.0,98.0,0.4
65.2,0.01,98.0,17,98.0,98.0,0.5
64.6,0.01,98.0,75,98.0,98.0,0.7
63.8,8.34,97.0,31,93.0,97.0,1.3
62.8,7.92,97.0,121,93.0,97.0,2.3
61.0,7.11,97.0,5,93.0,97.0,2.8
68.0,6.39,97.0,6,97.0,97.0,3.7
59.6,6.78,97.0,26,98.0,97.0,5.0
57.6,6.88,99.0,494,99.0,99.0,6.2
55.3,7.01,95.0,129,95.0,95.0,7.1
53.4,6.75,89.0,386,89.0,89.0,7.7
52.0,6.66,96.0,1064,96.0,96.0,8.1
57.0,7.82,88.0,2738,85.0,88.0,8.0
48.6,5.72,92.0,896,76.0,77.0,8.1
48.3,7.13,92.0,2095,9.0,9.0,8.5
72.1,8.54,97.0,0,96.0,96.0,0.1
75.2,3.755,99.0,0,99.0,99.0,0.1
75.0,9.97,99.0,0,99.0,99.0,0.1
74.8,9.73,99.0,0,99.0,99.0,0.1
74.7,9.99,98.0,0,98.0,98.0,0.1
74.6,10.43,99.0,0,99.0,99.0,0.1
74.2,10.87,97.0,0,97.0,97.0,0.1
74.3,11.09,95.0,0,95.0,95.0,0.1
74.1,12.09,96.0,0,96.0,96.0,0.1
73.9,12.68,99.0,0,99.0,99.0,0.1
73.5,13.45,85.0,0,85.0,85.0,0.1
73.1,12.32,95.0,0,95.0,95.0,0.2
72.6,11.93,91.0,0,91.0,91.0,0.2
72.2,12.55,84.0,0,91.0,9.0,0.2
72.0,11.85,14.0,0,9.0,74.0,0.1
71.8,12.03,92.0,0,99.0,99.0,0.3
71.6,11.69,92.0,0,7.0,7.0,0.4
73.2,3.755,98.0,0,97.0,98.0,0.1
73.1,7.01,98.0,0,97.0,98.0,0.1
72.7,7.07,97.0,0,97.0,97.0,0.1
72.8,6.93,96.0,0,96.0,96.0,0.1
72.7,7.02,96.0,0,96.0,96.0,0.1
72.5,7.0,99.0,0,99.0,99.0,0.1
72.3,6.85,99.0,0,99.0,99.0,0.2
72.1,6.92,99.0,0,99.0,99.0,0.3
71.9,5.89,99.0,0,99.0,99.0,0.3
71.7,5.93,99.0,0,99.0,99.0,0.3
71.4,6.04,99.0,0,93.0,99.0,0.2
71.2,5.42,99.0,0,99.0,99.0,0.4
71.0,5.1,31.0,0,99.0,99.0,0.4
79.0,4.94,92.0,0,99.0,99.0,0.4
79.0,4.73,92.0,0,99.0,99.0,0.7
79.0,4.8,92.0,0,99.0,98.0,0.7
74.0,3.755,59.0,0,61.0,66.0,0.1
73.8,0.01,56.0,0,58.0,63.0,0.1
73.6,0.01,6.0,0,62.0,67.0,0.1
73.2,0.01,64.0,1,62.0,64.0,0.1
73.0,2.15,58.0,0,6.0,65.0,0.1
72.6,3.01,57.0,8,57.0,62.0,0.1
76.0,2.88,44.0,0,45.0,49.0,0.1
72.5,3.97,12.0,0,54.0,26.0,0.1
72.2,3.85,46.0,0,49.0,53.0,0.1
72.0,3.52,35.0,0,37.0,39.0,0.1
71.6,3.63,41.0,0,55.0,49.0,0.1
71.4,3.62,54.0,0,26.0,55.0,0.1
79.0,4.17,83.0,0,82.0,83.0,0.1
76.0,3.3,86.0,0,85.0,86.0,0.1
75.0,3.43,89.0,0,83.0,85.0,0.1
72.0,3.0,89.0,0,94.0,95.0,0.1
72.1,0.01,69.0,0,69.0,69.0,0.1
67.5,3.755,96.0,0,96.0,96.0,0.2
67.3,0.01,95.0,0,95.0,95.0,0.2
67.1,0.01,97.0,0,97.0,97.0,0.2
66.9,0.01,96.0,0,96.0,96.0,0.5
66.6,5.69,96.0,0,96.0,96.0,0.5
66.2,5.58,98.0,0,98.0,98.0,0.5
65.8,4.13,98.0,0,99.0,98.0,0.9
65.4,4.36,99.0,0,99.0,99.0,0.9
65.1,4.14,87.0,0,98.0,97.0,1.2
64.7,5.46,75.0,0,97.0,97.0,1.2
64.3,5.27,96.0,0,97.0,97.0,1.6
63.8,5.78,7.0,0,99.0,96.0,1.6
63.4,6.54,43.0,0,94.0,94.0,1.6
63.1,5.8,92.0,0,92.0,92.0,1.4
62.8,5.02,92.0,0,9.0,92.0,1.5
62.6,5.07,92.0,0,87.0,82.0,1.5
74.5,3.755,98.0,219,97.0,98.0,0.1
74.4,0.09,98.0,154,98.0,98.0,0.1
74.3,0.09,98.0,1164,98.0,98.0,0.1
74.1,0.09,98.0,294,98.0,98.0,0.1
73.9,0.09,98.0,362,98.0,98.0,0.1
73.7,0.09,98.0,334,98.0,98.0,0.1
73.4,0.09,98.0,82,98.0,98.0,0.1
73.3,0.09,98.0,158,98.0,98.0,0.1
73.2,0.1,96.0,4648,96.0,96.0,0.1
73.2,0.08,96.0,807,96.0,96.0,0.1
73.1,0.05,97.0,373,96.0,96.0,0.1
73.1,0.06,96.0,1880,96.0,96.0,0.1
73.0,0.05,95.0,1208,95.0,95.0,0.1
72.9,0.05,97.0,311,95.0,95.0,0.1
72.8,0.05,95.0,155,97.0,97.0,0.1
72.6,0.05,93.0,0,95.0,95.0,0.1
66.7,3.755,89.0,58,85.0,89.0,0.3
66.4,0.26,89.0,32,85.0,89.0,0.3
66.0,0.26,92.0,17,89.0,92.0,0.3
65.6,0.28,91.0,46,83.0,91.0,0.4
64.9,0.32,92.0,18,89.0,92.0,0.4
64.3,0.28,89.0,428,76.0,89.0,0.4
63.5,0.3,86.0,999,83.0,86.0,0.5
62.8,0.28,88.0,6,87.0,88.0,0.6
62.1,0.32,94.0,11,93.0,94.0,0.7
61.3,0.34,89.0,3,89.0,89.0,0.7
65.0,0.33,84.0,0,84.0,84.0,0.7
59.7,0.35,54.0,31,87.0,87.0,0.7
59.0,0.33,92.0,1519,73.0,73.0,0.7
58.4,0.36,92.0,18184,6.0,6.0,0.7
57.9,0.34,92.0,24789,49.0,52.0,0.6
57.5,0.29,92.0,5839,49.0,52.0,0.5
75.6,3.755,94.0,383,95.0,95.0,0.1
75.4,9.09,92.0,37,93.0,93.0,0.1
75.3,9.16,91.0,1,97.0,95.0,0.1
74.9,9.38,97.0,0,93.0,91.0,0.1
74.6,9.56,94.0,370,94.0,94.0,0.1
74.4,9.65,89.0,20,91.0,91.0,0.1
74.1,9.85,93.0,1,97.0,95.0,0.1
74.0,9.54,93.0,2,95.0,95.0,0.1
73.8,9.3,99.0,201,93.0,94.0,0.1
73.6,8.58,93.0,2,97.0,92.0,0.1
73.0,9.6,65.0,2,98.0,98.0,0.1
73.0,7.42,89.0,11,96.0,88.0,0.1
73.0,7.25,92.0,15,89.0,89.0,0.1
72.9,6.95,92.0,63,95.0,95.0,0.1
73.1,7.53,92.0,35,93.0,93.0,0.1
72.6,7.38,92.0,38,98.0,95.0,0.1
73.2,3.755,98.0,0,97.0,97.0,0.1
73.0,0.01,99.0,0,99.0,99.0,0.1
72.9,0.01,99.0,0,98.0,98.0,0.1
72.7,0.01,99.0,0,98.0,98.0,0.1
72.6,9.72,99.0,0,99.0,99.0,0.1
72.4,6.51,99.0,0,99.0,99.0,0.1
72.3,4.94,99.0,0,99.0,99.0,0.1
72.2,6.33,99.0,0,99.0,99.0,0.1
72.2,8.12,99.0,1,99.0,99.0,0.1
72.2,8.12,99.0,10,99.0,99.0,0.1
72.2,7.82,99.0,0,99.0,99.0,0.1
72.1,7.91,99.0,0,99.0,99.0,0.1
72.1,7.41,99.0,0,99.0,99.0,0.1
72.1,11.15,99.0,0,99.0,99.0,0.1
72.0,6.72,96.0,0,96.0,96.0,0.1
71.8,8.24,98.0,0,98.0,98.0,0.1
51.0,3.755,86.0,607,86.0,86.0,0.5
48.1,0.01,83.0,1006,83.0,83.0,0.6
54.0,0.01,92.0,15,92.0,92.0,0.8
49.7,0.01,91.0,678,91.0,91.0,0.9
48.9,3.78,89.0,1865,88.0,89.0,1.3
48.1,3.84,86.0,1089,84.0,86.0,1.6
47.1,3.97,84.0,31,81.0,84.0,1.7
46.2,3.91,77.0,44,75.0,77.0,1.9
45.3,3.86,63.0,0,63.0,64.0,2.2
44.3,3.8,92.0,33,65.0,64.0,2.2
43.3,3.83,92.0,29,67.0,65.0,2.2
42.3,3.99,92.0,7,69.0,65.0,2.1
41.5,4.07,92.0,586,66.0,73.0,1.9
48.0,4.06,92.0,568,54.0,53.0,1.7
41.0,4.21,92.0,649,38.0,38.0,1.5
39.0,3.97,92.0,3575,46.0,44.0,1.2
83.1,1.79,96.0,0,96.0,96.0,0.1
82.9,1.83,96.0,0,96.0,96.0,0.1
82.7,1.83,97.0,138,97.0,97.0,0.1
82.5,1.89,97.0,42,97.0,97.0,0.1
82.2,1.8,96.0,148,96.0,96.0,0.1
82.0,1.84,96.0,50,96.0,96.0,0.1
81.7,1.73,96.0,16,97.0,97.0,0.1
81.4,1.7,97.0,18,97.0,97.0,0.1
81.1,1.6,96.0,15,97.0,97.0,0.1
87.0,1.55,95.0,23,95.0,95.0,0.1
82.0,1.49,96.0,33,96.0,96.0,0.1
79.7,1.45,94.0,96,95.0,95.0,0.1
79.3,1.43,95.0,33,96.0,96.0,0.1
79.0,2.16,95.0,211,94.0,94.0,0.1
78.7,2.08,95.0,408,95.0,96.0,0.1
78.3,2.03,97.0,141,98.0,98.0,0.1
76.7,3.755,96.0,1,96.0,96.0,0.1
76.4,10.6,97.0,0,97.0,97.0,0.1
76.1,9.89,98.0,0,98.0,98.0,0.1
75.8,10.12,99.0,0,99.0,99.0,0.1
75.6,10.24,99.0,0,99.0,99.0,0.1
75.1,10.13,99.0,0,99.0,99.0,0.1
75.0,10.63,99.0,0,99.0,99.0,0.1
74.7,11.37,99.0,0,99.0,99.0,0.1
74.4,10.58,99.0,0,99.0,99.0,0.1
74.3,10.28,99.0,0,99.0,99.0,0.1
74.0,10.81,99.0,0,99.0,99.0,0.1
74.1,10.03,99.0,2,99.0,99.0,0.1
73.8,9.85,99.0,1,98.0,99.0,0.1
73.7,10.78,99.0,0,98.0,99.0,0.1
73.3,10.73,99.0,0,99.0,99.0,0.1
73.0,11.06,98.0,0,98.0,99.0,0.1
88.0,3.755,92.0,18,95.0,95.0,0.1
87.0,10.46,92.0,52,95.0,95.0,0.1
85.0,9.53,92.0,1,95.0,95.0,0.1
82.0,10.95,92.0,2,96.0,96.0,0.1
79.8,10.61,92.0,22,96.0,96.0,0.1
79.5,10.32,92.0,2,96.0,96.0,0.1
79.1,10.52,92.0,0,96.0,96.0,0.1
78.9,10.94,92.0,0,97.0,97.0,0.1
78.3,11.02,92.0,0,97.0,97.0,0.1
78.1,12.26,92.0,0,97.0,97.0,0.1
77.5,11.14,92.0,0,95.0,95.0,0.1
77.2,10.0,92.0,0,94.0,94.0,0.1
76.5,11.58,92.0,0,95.0,95.0,0.1
76.6,9.29,92.0,0,93.0,93.0,0.1
76.2,10.8,92.0,0,93.0,92.0,0.1
76.0,11.9,92.0,0,93.0,91.0,0.1
69.2,3.755,98.0,0,99.0,98.0,0.1
68.8,0.01,88.0,0,94.0,88.0,0.1
68.8,0.01,94.0,0,99.0,94.0,0.1
68.7,0.01,99.0,0,99.0,99.0,0.1
68.5,0.99,99.0,0,99.0,99.0,0.1
68.3,1.1,9.0,0,94.0,9.0,0.1
68.1,1.21,92.0,0,98.0,92.0,0.1
68.0,1.09,89.0,0,94.0,89.0,0.1
67.6,0.85,9.0,0,93.0,9.0,0.1
67.6,0.99,99.0,0,99.0,99.0,0.1
67.4,0.9,83.0,0,9.0,89.0,0.1
67.1,1.18,81.0,0,89.0,9.0,0.1
66.8,1.18,79.0,0,84.0,84.0,0.1
66.5,1.08,75.0,0,78.0,78.0,0.1
66.2,0.7,83.0,0,88.0,84.0,0.1
65.8,0.71,81.0,0,88.0,86.0,0.1
55.0,3.755,42.0,7497,47.0,42.0,0.7
54.3,0.01,42.0,10229,47.0,42.0,0.8
54.2,0.01,42.0,3173,47.0,42.0,0.8
53.1,0.01,92.0,9983,47.0,42.0,0.8
53.1,0.01,92.0,17298,49.0,41.0,0.8
52.4,0.01,92.0,115,49.0,45.0,0.8
52.2,0.01,92.0,13,41.0,42.0,0.8
51.9,0.01,92.0,1081,4.0,31.0,0.9
51.5,0.01,92.0,1149,4.0,4.0,0.9
51.5,0.01,92.0,7,26.0,26.0,0.9
51.6,0.01,92.0,0,35.0,35.0,0.9
51.2,0.01,92.0,12008,3.0,3.0,0.9
51.1,0.01,92.0,8257,4.0,4.0,0.9
58.0,0.01,92.0,9559,4.0,4.0,0.9
57.0,0.01,92.0,3571,33.0,33.0,0.8
55.0,0.01,92.0,3965,37.0,33.0,0.8
62.9,3.755,75.0,17,75.0,75.0,3.6
62.0,7.38,8.0,66,77.0,77.0,3.7
69.0,7.34,7.0,25,73.0,73.0,4.5
59.2,7.38,68.0,32,65.0,65.0,7.6
58.9,7.38,76.0,92,69.0,69.0,8.5
58.0,7.28,71.0,12499,72.0,72.0,11.0
56.5,7.6,74.0,5857,75.0,76.0,19.0
55.3,8.19,76.0,39,77.0,79.0,23.5
54.5,8.48,83.0,31,79.0,82.0,26.4
54.0,8.5,83.0,81,79.0,82.0,28.1
53.8,8.69,79.0,615,75.0,79.0,29.5
53.7,6.96,76.0,830,73.0,74.0,29.7
54.0,6.93,71.0,244,7.0,69.0,28.9
54.9,7.04,72.0,1043,7.0,7.0,26.6
56.0,7.38,72.0,1166,71.0,71.0,24.0
57.3,7.3,73.0,1459,71.0,73.0,21.3
57.3,3.755,31.0,878,41.0,31.0,3.4
56.6,3.755,92.0,441,44.0,39.0,3.5
56.4,3.755,92.0,525,5.0,45.0,3.6
56.0,3.755,92.0,1952,64.0,59.0,3.8
55.4,3.755,92.0,1256,66.0,61.0,3.9
55.0,3.755,92.0,0,93.0,93.0,4.0
54.3,3.755,92.0,0,93.0,93.0,4.2
53.6,3.755,92.0,0,93.0,93.0,4.2
53.1,3.755,92.0,0,93.0,93.0,4.2
52.5,3.755,92.0,0,93.0,93.0,4.1
51.9,3.755,92.0,0,93.0,93.0,3.9
51.4,3.755,92.0,0,93.0,93.0,3.8
58.0,3.755,92.0,0,93.0,93.0,3.5
52.0,3.755,92.0,0,93.0,93.0,3.3
49.6,3.755,92.0,0,93.0,93.0,3.0
48.9,3.755,92.0,0,93.0,93.0,2.7
82.8,3.755,97.0,115,97.0,97.0,0.1
82.6,0.01,96.0,154,97.0,97.0,0.1
82.4,9.25,95.0,131,96.0,96.0,0.1
82.0,9.35,96.0,1204,97.0,97.0,0.1
82.1,9.62,97.0,3802,97.0,97.0,0.1
81.9,9.78,97.0,302,97.0,97.0,0.1
81.6,9.99,96.0,41,96.0,96.0,0.1
81.3,10.24,97.0,297,97.0,97.0,0.1
89.0,11.05,96.0,267,96.0,96.0,0.1
88.0,11.86,97.0,362,98.0,98.0,0.1
81.0,11.92,96.0,22,96.0,96.0,0.1
81.0,11.96,97.0,26,97.0,97.0,0.1
79.4,12.09,81.0,256,99.0,98.0,0.1
79.5,12.26,82.0,67,98.0,98.0,0.1
79.4,9.86,83.0,0,95.0,96.0,0.1
79.1,11.12,77.0,152,95.0,95.0,0.1
74.9,3.755,99.0,1568,99.0,99.0,0.1
74.7,2.37,99.0,1686,99.0,99.0,0.1
74.6,2.56,99.0,2107,99.0,99.0,0.1
74.5,2.8,99.0,51,99.0,99.0,0.1
74.5,3.03,99.0,60,99.0,99.0,0.1
74.5,2.31,99.0,79,99.0,99.0,0.1
71.8,2.05,97.0,21,97.0,97.0,0.1
72.3,2.1,98.0,33,98.0,98.0,0.1
73.7,2.29,98.0,44,98.0,98.0,0.1
73.8,1.96,98.0,0,98.0,98.0,0.1
74.2,1.97,99.0,3,99.0,99.0,0.1
69.1,1.56,62.0,35,97.0,97.0,0.1
73.9,1.69,32.0,65,98.0,99.0,0.1
73.7,1.62,92.0,139,98.0,98.0,0.1
72.7,1.68,92.0,309,98.0,98.0,0.1
71.5,1.45,92.0,16527,99.0,99.0,0.1
64.1,3.755,93.0,3585,93.0,93.0,0.3
63.8,0.01,94.0,676,94.0,94.0,0.3
63.5,0.01,93.0,2813,93.0,93.0,0.3
63.2,0.01,92.0,8523,92.0,92.0,0.3
62.7,2.12,93.0,5616,93.0,93.0,0.3
62.5,1.77,75.0,680,9.0,9.0,0.3
62.0,1.99,72.0,68,81.0,81.0,0.3
61.8,2.01,78.0,129,85.0,86.0,0.3
61.4,2.01,78.0,327,84.0,84.0,0.3
61.0,1.9,6.0,228,77.0,78.0,0.2
67.0,1.55,22.0,1374,78.0,78.0,0.2
59.7,1.59,92.0,9562,74.0,74.0,0.2
59.6,1.74,92.0,4381,69.0,69.0,0.2
59.4,1.59,92.0,4529,6.0,6.0,0.2
58.9,1.81,92.0,4362,66.0,66.0,0.2
58.6,1.76,92.0,2875,62.0,62.0,0.1
71.6,3.755,89.0,0,89.0,89.0,0.4
71.4,6.32,85.0,0,85.0,85.0,0.4
71.2,6.02,86.0,0,86.0,86.0,0.4
71.3,5.73,84.0,0,84.0,84.0,0.9
76.0,5.64,86.0,0,86.0,86.0,0.1
73.0,5.26,86.0,0,96.0,96.0,0.5
70.0,5.13,87.0,0,85.0,87.0,0.6
69.8,4.94,84.0,0,85.0,85.0,1.2
69.5,4.72,84.0,0,84.0,84.0,0.8
69.3,4.52,84.0,0,84.0,84.0,0.6
68.9,4.47,83.0,0,84.0,83.0,0.6
68.3,4.55,92.0,0,84.0,85.0,0.9
68.0,4.53,92.0,0,74.0,75.0,1.0
67.9,4.41,92.0,0,74.0,73.0,1.6
67.7,4.23,92.0,0,65.0,68.0,1.8
67.4,4.29,92.0,0,7.0,71.0,0.4
58.9,3.755,9.0,0,84.0,9.0,7.1
58.4,0.01,98.0,0,98.0,98.0,7.3
57.6,0.01,98.0,0,98.0,98.0,9.8
56.5,0.01,95.0,0,92.0,95.0,12.2
55.0,5.2,91.0,0,85.0,91.0,15.7
53.6,4.93,89.0,313,89.0,89.0,21.6
52.6,4.9,88.0,26,89.0,88.0,33.7
51.4,4.87,9.0,1,89.0,88.0,40.2
50.0,5.55,92.0,0,88.0,87.0,40.7
47.8,5.53,93.0,0,88.0,87.0,43.7
46.0,5.08,95.0,0,88.0,86.0,49.1
45.6,5.78,93.0,0,88.0,86.0,50.3
45.9,5.65,9.0,350,87.0,85.0,50.6
46.4,5.52,88.0,37,87.0,85.0,49.9
47.1,6.72,86.0,49,87.0,84.0,48.8
48.4,7.19,83.0,10,87.0,84.0,46.4
82.4,3.755,67.0,22,98.0,98.0,0.1
82.3,7.3,67.0,26,98.0,98.0,0.1
81.9,7.3,67.0,51,98.0,98.0,0.1
81.7,7.4,53.0,30,98.0,98.0,0.1
81.7,7.4,42.0,26,98.0,98.0,0.1
81.5,7.2,92.0,6,98.0,98.0,0.1
81.4,7.3,92.0,3,98.0,98.0,0.1
81.1,6.9,92.0,25,98.0,98.0,0.1
89.0,6.9,92.0,1,98.0,98.0,0.1
88.0,6.5,92.0,19,98.0,98.0,0.1
85.0,6.5,92.0,13,98.0,98.0,0.1
83.0,6.6,92.0,5,99.0,99.0,0.1
82.0,6.9,92.0,3,99.0,99.0,0.1
79.9,6.9,92.0,9,99.0,99.0,0.1
79.8,6.6,92.0,5,99.0,99.0,0.1
79.6,6.2,92.0,59,99.0,99.0,0.1
83.4,3.755,92.0,35,97.0,97.0,0.1
83.2,9.61,92.0,23,96.0,96.0,0.1
83.0,9.73,92.0,175,96.0,96.0,0.1
82.7,9.86,92.0,61,96.0,96.0,0.1
82.6,9.99,92.0,621,96.0,96.0,0.1
82.3,10.01,92.0,77,96.0,95.0,0.1
82.1,10.15,92.0,958,96.0,95.0,0.1
82.0,10.29,92.0,2022,96.0,95.0,0.1
81.7,10.44,92.0,1015,94.0,94.0,0.1
81.5,10.24,92.0,0,94.0,94.0,0.1
81.1,10.15,92.0,60,94.0,94.0,0.1
81.0,10.55,92.0,39,95.0,93.0,0.1
85.0,10.82,92.0,574,95.0,93.0,0.1
84.0,10.85,92.0,0,95.0,93.0,0.1
82.0,11.12,92.0,700,95.0,93.0,0.1
79.7,11.26,92.0,0,95.0,93.0,0.1
64.5,3.755,41.0,45,5.0,41.0,0.1
64.4,0.01,47.0,594,52.0,43.0,0.1
63.6,0.01,71.0,740,5.0,41.0,0.1
62.8,0.01,43.0,13,47.0,45.0,0.1
71.7,0.76,66.0,13,6.0,72.0,0.1
73.7,0.78,84.0,26,83.0,8.0,0.1
73.8,0.81,84.0,22,83.0,8.0,0.1
73.8,0.8,83.0,19,83.0,79.0,0.1
73.8,0.83,83.0,403,83.0,8.0,0.1
73.7,0.97,83.0,517,83.0,8.0,0.1
73.5,0.92,83.0,375,83.0,8.0,0.1
73.2,0.93,82.0,189,84.0,81.0,0.1
73.0,1.29,81.0,801,85.0,83.0,0.1
72.8,1.25,8.0,538,86.0,84.0,0.1
72.7,1.29,8.0,290,83.0,82.0,0.1
72.6,1.41,79.0,146,86.0,84.0,0.1
69.7,3.755,96.0,3,96.0,96.0,0.2
69.6,0.01,97.0,0,94.0,97.0,0.2
69.3,0.01,96.0,1,97.0,96.0,0.2
68.8,0.01,94.0,16,96.0,94.0,0.2
68.1,0.32,96.0,1,97.0,96.0,0.2
67.3,0.32,93.0,0,95.0,93.0,0.2
66.7,0.3,93.0,0,93.0,93.0,0.2
66.4,0.32,86.0,0,87.0,86.0,0.3
66.1,0.35,84.0,2,85.0,86.0,0.3
65.9,0.38,88.0,3,76.0,83.0,0.3
65.5,0.37,81.0,0,79.0,84.0,0.3
65.9,0.38,81.0,4,82.0,86.0,0.3
65.2,0.36,58.0,2144,82.0,85.0,0.3
64.3,0.6,39.0,927,84.0,85.0,0.3
64.0,0.86,92.0,38,84.0,85.0,0.3
63.7,0.37,92.0,192,86.0,83.0,0.3
74.9,3.755,99.0,154,99.0,99.0,0.1
74.6,6.41,99.0,0,99.0,99.0,0.1
74.5,6.5,99.0,2641,99.0,99.0,0.1
74.3,6.56,98.0,5197,99.0,99.0,0.1
74.1,6.07,98.0,3156,99.0,99.0,0.2
73.9,5.95,98.0,2583,99.0,99.0,0.2
73.7,5.88,98.0,6071,99.0,99.0,0.3
73.5,5.92,98.0,7790,99.0,99.0,0.3
73.3,6.2,96.0,3893,98.0,98.0,0.4
73.0,6.18,96.0,3588,98.0,98.0,0.5
72.5,6.26,96.0,3526,98.0,98.0,0.5
71.6,6.17,96.0,4165,98.0,98.0,0.5
71.7,6.14,96.0,4519,98.0,98.0,0.6
71.4,5.93,95.0,10315,97.0,96.0,0.7
71.2,5.92,95.0,7319,97.0,96.0,0.8
71.1,5.88,95.0,4074,97.0,97.0,0.8
75.7,3.755,92.0,1,92.0,91.0,0.1
75.5,1.13,97.0,116,96.0,95.0,0.1
75.3,1.03,97.0,4,98.0,98.0,0.1
75.1,1.23,98.0,7,97.0,95.0,0.1
74.9,1.16,96.0,701,97.0,96.0,0.1
74.7,1.47,9.0,217,95.0,95.0,0.1
74.4,1.77,95.0,5,96.0,96.0,0.1
74.2,1.72,97.0,27,96.0,95.0,0.1
73.5,1.75,96.0,1,96.0,95.0,0.1
73.7,1.74,89.0,3,92.0,93.0,0.1
73.6,1.75,53.0,5,98.0,97.0,0.1
73.5,2.07,92.0,9,95.0,94.0,0.1
73.2,2.4,92.0,18,96.0,96.0,0.1
72.8,2.53,92.0,19,97.0,96.0,0.1
73.1,3.27,92.0,27,91.0,91.0,0.1
72.6,2.86,92.0,36,96.0,95.0,0.1
68.3,3.755,76.0,43,75.0,76.0,0.1
68.0,0.01,77.0,47,76.0,77.0,0.1
67.7,0.01,82.0,4,82.0,82.0,0.1
67.4,0.01,83.0,16,83.0,83.0,0.1
67.2,0.5,67.0,763,66.0,67.0,0.1
66.9,0.1,72.0,50,72.0,72.0,0.1
66.6,0.09,72.0,10,78.0,72.0,0.1
66.2,0.06,79.0,0,79.0,79.0,0.1
65.8,0.05,92.0,0,7.0,7.0,0.1
64.9,0.04,92.0,90,62.0,63.0,0.1
63.7,0.36,92.0,203,55.0,55.0,0.1
62.3,0.38,92.0,41,57.0,57.0,0.1
61.0,0.44,92.0,94,55.0,55.0,0.1
62.0,0.48,92.0,0,38.0,54.0,0.1
59.4,0.5,92.0,0,93.0,93.0,0.1
58.7,0.5,92.0,0,93.0,93.0,0.1
59.9,3.755,88.0,20,88.0,88.0,1.0
59.7,0.01,87.0,577,85.0,87.0,1.0
59.4,0.01,84.0,564,84.0,84.0,1.5
58.9,0.01,84.0,238,84.0,84.0,1.7
58.3,1.44,85.0,187,85.0,85.0,2.6
57.4,1.21,83.0,120,83.0,83.0,3.8
56.7,1.24,78.0,425,78.0,78.0,4.3
56.2,1.33,24.0,187,8.0,81.0,4.8
55.9,1.37,92.0,8,72.0,82.0,5.1
55.7,1.37,92.0,26,85.0,84.0,5.0
55.0,1.14,92.0,38,8.0,82.0,5.0
54.9,1.01,92.0,61,71.0,71.0,5.1
54.7,1.02,92.0,295,72.0,72.0,5.2
54.7,1.0,92.0,363,58.0,59.0,5.3
54.6,0.95,92.0,1833,51.0,5.0,5.3
54.6,1.1,92.0,3578,63.0,64.0,5.1
73.5,3.755,78.0,0,8.0,78.0,0.1
73.3,0.01,8.0,0,82.0,8.0,0.1
73.2,0.01,82.0,0,84.0,82.0,0.1
73.0,0.01,77.0,0,79.0,77.0,0.1
72.9,0.96,82.0,0,84.0,82.0,0.1
72.8,1.24,82.0,0,84.0,82.0,0.1
72.5,1.08,84.0,0,86.0,84.0,0.1
72.6,1.1,84.0,0,88.0,86.0,0.1
72.5,2.05,87.0,0,88.0,87.0,0.1
72.4,1.79,89.0,0,89.0,88.0,0.1
72.3,1.57,89.0,0,9.0,89.0,0.1
72.2,1.8,9.0,0,91.0,9.0,0.1
72.0,1.79,85.0,0,91.0,9.0,0.1
71.9,1.51,88.0,0,85.0,84.0,0.1
71.8,1.35,91.0,4,91.0,89.0,0.1
71.6,1.24,93.0,0,91.0,91.0,0.1
71.2,3.755,9.0,0,88.0,96.0,0.3
71.1,6.94,92.0,0,94.0,92.0,0.3
71.0,6.71,92.0,0,94.0,92.0,0.3
78.0,6.7,92.0,0,91.0,92.0,0.4
76.0,6.5,9.0,0,91.0,9.0,0.4
74.0,6.5,9.0,0,91.0,9.0,0.4
71.0,6.37,9.0,0,9.0,9.0,0.2
69.9,6.41,9.0,0,91.0,9.0,0.3
69.7,6.37,89.0,0,9.0,88.0,0.7
69.6,6.35,89.0,0,89.0,92.0,0.6
69.5,6.12,95.0,0,95.0,95.0,0.5
69.4,5.82,94.0,0,94.0,94.0,1.0
69.3,5.53,76.0,0,91.0,91.0,0.5
69.2,5.12,5.0,0,96.0,96.0,2.0
69.1,4.55,92.0,0,91.0,91.0,1.2
69.1,4.68,92.0,0,9.0,9.0,0.9
75.3,3.755,98.0,16,98.0,98.0,0.1
75.1,1.39,98.0,15,98.0,98.0,0.1
74.9,1.29,98.0,16,98.0,98.0,0.1
74.9,1.3,97.0,48,97.0,97.0,0.1
74.8,1.29,98.0,11,98.0,98.0,0.1
74.8,1.28,98.0,1,98.0,98.0,0.1
74.7,1.4,99.0,1,99.0,99.0,0.1
74.7,1.37,99.0,2,99.0,99.0,0.1
74.6,1.24,98.0,4,98.0,98.0,0.1
74.4,1.46,99.0,3,99.0,99.0,0.1
74.2,1.37,97.0,15,98.0,98.0,0.1
74.0,1.36,96.0,1,97.0,97.0,0.1
73.7,1.34,92.0,22,95.0,95.0,0.1
73.5,1.17,93.0,98,96.0,96.0,0.1
73.2,1.19,94.0,231,98.0,98.0,0.1
72.9,1.21,94.0,47,97.0,97.0,0.1
75.8,3.755,97.0,342,97.0,97.0,0.1
75.5,1.45,96.0,565,96.0,96.0,0.1
75.2,1.41,97.0,7405,98.0,98.0,0.1
74.8,1.54,97.0,349,97.0,97.0,0.1
74.5,1.53,96.0,111,97.0,97.0,0.1
74.2,1.49,96.0,7,97.0,97.0,0.1
73.9,1.4,94.0,4,96.0,96.0,0.1
73.5,1.39,92.0,0,96.0,96.0,0.1
73.2,1.26,96.0,3,96.0,96.0,0.1
72.8,1.29,82.0,34,9.0,9.0,0.1
72.4,1.29,85.0,6200,9.0,9.0,0.1
72.0,1.35,77.0,8927,85.0,85.0,0.1
71.6,1.42,68.0,5844,69.0,68.0,0.1
71.2,1.47,72.0,7823,78.0,78.0,0.1
78.0,1.49,77.0,30509,88.0,88.0,0.1
74.0,1.54,71.0,16244,85.0,85.0,0.1
66.3,3.755,99.0,0,99.0,99.0,0.1
66.0,2.9,97.0,0,98.0,98.0,0.1
65.4,2.93,98.0,0,98.0,98.0,0.1
65.6,2.75,98.0,0,98.0,97.0,0.1
65.6,2.55,97.0,0,97.0,97.0,0.1
65.8,2.48,96.0,0,96.0,96.0,0.1
65.6,2.35,97.0,0,97.0,96.0,0.1
64.5,2.4,96.0,0,96.0,96.0,0.1
64.1,2.58,98.0,59,98.0,98.0,0.1
63.7,2.71,98.0,48,98.0,98.0,0.1
63.3,2.85,99.0,0,99.0,99.0,0.1
63.5,2.86,96.0,1,98.0,97.0,0.1
63.4,2.88,97.0,1,66.0,83.0,0.1
63.3,2.33,96.0,11,99.0,98.0,0.1
64.0,2.35,92.0,9,94.0,95.0,0.1
63.8,2.9,92.0,113,98.0,97.0,0.1
72.1,0.01,9.0,0,9.0,9.0,0.1
62.3,3.755,78.0,478,82.0,78.0,3.1
61.5,0.01,78.0,314,82.0,78.0,3.2
67.0,0.01,78.0,7878,82.0,78.0,4.0
60.0,0.01,78.0,2027,82.0,78.0,4.6
59.3,10.22,82.0,3312,82.0,82.0,6.8
58.4,10.03,8.0,1313,79.0,8.0,8.0
57.5,9.63,79.0,1601,78.0,79.0,8.1
56.3,9.79,71.0,1319,69.0,71.0,8.2
55.5,9.65,73.0,3776,7.0,73.0,8.4
54.9,9.81,64.0,5736,62.0,64.0,8.6
53.2,10.09,64.0,22,59.0,64.0,8.7
51.3,9.89,62.0,141,58.0,62.0,8.9
51.0,10.16,44.0,29429,57.0,59.0,9.4
48.8,10.42,29.0,49871,57.0,57.0,10.0
47.7,10.57,92.0,48543,56.0,55.0,10.8
46.6,10.47,92.0,42554,55.0,52.0,11.6
71.3,3.755,22.0,105,51.0,23.0,0.2
78.0,8.06,22.0,0,45.0,23.0,0.2
71.0,8.44,46.0,0,72.0,76.0,0.2
77.0,8.44,46.0,12746,72.0,76.0,0.2
75.0,8.48,21.0,1333,54.0,5.0,0.2
69.8,8.39,48.0,39,57.0,52.0,0.2
69.2,8.71,66.0,0,74.0,71.0,0.3
67.7,9.46,84.0,48,91.0,9.0,0.4
67.5,8.86,92.0,1005,98.0,98.0,0.7
67.7,7.99,96.0,42724,99.0,98.0,0.8
67.0,7.31,97.0,2392,95.0,96.0,0.9
67.4,6.79,98.0,146,99.0,99.0,1.0
67.6,5.92,77.0,411,99.0,97.0,0.9
67.6,4.89,48.0,7587,99.0,99.0,0.9
67.7,4.31,7.0,16970,99.0,99.0,0.8
67.5,4.49,4.0,817,99.0,99.0,0.7
77.1,3.755,99.0,347,99.0,99.0,0.1
76.9,1.91,99.0,344,99.0,99.0,0.1
76.7,1.82,98.0,0,98.0,98.0,0.1
76.5,1.75,96.0,132,96.0,96.0,0.1
76.3,1.73,95.0,0,95.0,95.0,0.1
76.2,1.69,94.0,87,94.0,94.0,0.1
76.0,1.73,93.0,0,94.0,93.0,0.1
75.8,1.86,92.0,55,94.0,92.0,0.1
75.6,1.69,92.0,0,94.0,92.0,0.1
75.4,1.74,92.0,0,94.0,92.0,0.1
75.3,1.79,92.0,29,94.0,94.0,0.1
75.1,1.77,92.0,22,94.0,94.0,0.1
74.9,1.74,92.0,42,94.0,94.0,0.1
74.7,1.72,92.0,53,94.0,94.0,0.1
74.5,1.67,92.0,30,94.0,94.0,0.1
74.2,1.64,92.0,69,94.0,94.0,0.1
81.2,10.66,92.0,91,96.0,96.0,0.1
81.0,10.37,92.0,133,95.0,95.0,0.1
87.0,10.32,92.0,1919,95.0,95.0,0.1
86.0,10.42,92.0,2092,95.0,95.0,0.1
86.0,10.68,92.0,1112,95.0,95.0,0.1
82.0,10.88,92.0,443,94.0,94.0,0.1
81.0,10.79,92.0,1212,93.0,93.0,0.1
79.6,11.47,92.0,1445,92.0,92.0,0.1
79.5,11.84,92.0,1022,92.0,92.0,0.1
79.3,11.61,92.0,764,92.0,92.0,0.1
79.0,12.05,92.0,79,91.0,91.0,0.1
78.8,12.22,92.0,189,92.0,92.0,0.1
78.3,11.85,92.0,460,91.0,91.0,0.1
78.2,11.44,92.0,314,91.0,91.0,0.1
78.0,10.91,92.0,73,91.0,91.0,0.1
77.8,10.59,92.0,104,91.0,91.0,0.1
61.8,3.755,98.0,30,96.0,98.0,1.4
67.0,0.01,97.0,88,97.0,97.0,1.4
59.7,4.2,91.0,185,91.0,91.0,2.1
58.6,3.98,92.0,1668,9.0,92.0,2.4
58.3,4.04,9.0,1622,88.0,9.0,3.1
57.5,4.19,91.0,167,94.0,91.0,4.6
56.9,3.97,85.0,1574,88.0,85.0,6.4
56.2,3.44,86.0,3413,89.0,86.0,7.4
54.5,4.4,83.0,7726,88.0,83.0,8.5
53.1,4.07,9.0,2362,91.0,9.0,9.4
52.2,3.94,9.0,23,91.0,9.0,10.0
51.5,3.81,95.0,1419,95.0,95.0,10.8
58.0,2.34,95.0,1673,97.0,95.0,11.5
52.0,3.37,89.0,5131,91.0,89.0,12.1
49.6,4.09,92.0,11847,65.0,87.0,12.5
49.2,3.89,92.0,14649,64.0,79.0,12.8
79.3,3.755,92.0,188,93.0,95.0,0.1
79.1,8.82,92.0,667,93.0,95.0,0.1
78.9,8.82,91.0,187,93.0,94.0,0.1
78.8,8.82,9.0,55,93.0,94.0,0.1
78.7,8.67,91.0,220,94.0,96.0,0.1
78.7,8.55,92.0,63,93.0,95.0,0.1
78.5,8.71,92.0,71,93.0,95.0,0.1
78.2,8.74,94.0,140,94.0,96.0,0.1
78.1,8.74,93.0,43,93.0,96.0,0.1
77.8,8.63,93.0,55,93.0,96.0,0.1
77.5,8.52,93.0,66,92.0,96.0,0.1
77.5,8.48,92.0,37,92.0,96.0,0.1
77.2,8.4,92.0,56,91.0,96.0,0.1
77.0,8.33,88.0,41,9.0,94.0,0.1
76.9,8.25,89.0,116,89.0,94.0,0.1
76.8,8.21,9.0,85,9.0,94.0,0.1
77.0,3.755,95.0,0,95.0,95.0,0.1
76.8,6.03,95.0,0,95.0,95.0,0.1
76.8,5.82,94.0,0,94.0,94.0,0.1
76.5,5.77,95.0,0,95.0,95.0,0.1
77.0,5.97,95.0,0,95.0,95.0,0.1
76.3,6.21,95.0,0,95.0,95.0,0.1
76.6,6.67,95.0,0,95.0,95.0,0.1
76.4,6.76,94.0,0,94.0,94.0,0.1
75.4,6.67,94.0,0,94.0,94.0,0.1
76.2,6.58,95.0,0,95.0,95.0,0.1
75.7,6.35,96.0,0,96.0,96.0,0.1
75.4,5.66,94.0,0,95.0,94.0,0.1
75.4,5.11,91.0,0,91.0,91.0,0.1
75.4,5.86,95.0,0,93.0,95.0,0.1
75.2,6.48,94.0,0,94.0,94.0,0.1
75.1,6.65,92.0,0,92.0,9.0,0.1
69.4,3.755,99.0,22,99.0,99.0,0.1
69.2,0.01,99.0,8,99.0,99.0,0.1
69.1,0.01,99.0,0,99.0,99.0,0.1
68.8,0.01,99.0,0,99.0,99.0,0.1
68.5,2.83,99.0,476,99.0,99.0,0.1
68.3,2.73,99.0,117,99.0,99.0,0.2
68.0,2.56,98.0,0,99.0,98.0,0.2
67.9,2.36,91.0,2,98.0,98.0,0.3
67.8,2.15,99.0,863,98.0,96.0,0.3
67.6,1.96,98.0,823,94.0,96.0,0.4
67.3,1.78,99.0,737,99.0,99.0,0.3
67.8,1.59,99.0,75,99.0,99.0,0.3
67.2,1.54,99.0,85,99.0,98.0,0.3
67.1,1.47,62.0,25,99.0,99.0,0.2
67.4,1.53,92.0,22,99.0,99.0,0.2
67.1,1.6,92.0,80,99.0,99.0,0.1
72.0,3.755,64.0,39,65.0,64.0,0.1
71.7,0.01,64.0,10,65.0,64.0,0.1
71.6,0.01,64.0,0,65.0,64.0,0.1
71.4,0.01,64.0,0,65.0,64.0,0.1
71.2,0.85,63.0,0,65.0,65.0,0.1
71.0,0.91,62.0,0,66.0,65.0,0.1
78.0,0.83,62.0,0,66.0,66.0,0.1
75.0,1.18,61.0,0,66.0,67.0,0.1
73.0,1.01,6.0,0,67.0,67.0,0.1
71.0,1.0,59.0,0,67.0,68.0,0.1
69.9,0.88,61.0,3,67.0,68.0,0.1
69.6,0.85,63.0,0,67.0,69.0,0.1
69.4,1.2,64.0,165,67.0,69.0,0.1
69.3,1.24,66.0,101,67.0,7.0,0.1
69.1,0.91,68.0,7,67.0,7.0,0.1
69.0,1.21,7.0,9,67.0,71.0,0.1
74.1,3.755,87.0,0,87.0,87.0,0.1
73.9,6.47,78.0,0,79.0,78.0,0.1
73.8,6.71,82.0,0,82.0,82.0,0.1
73.7,6.7,81.0,1,73.0,81.0,0.1
73.8,6.74,78.0,0,78.0,78.0,0.1
73.7,7.22,78.0,0,74.0,78.0,0.1
73.6,7.59,84.0,0,75.0,84.0,0.1
73.2,8.18,53.0,0,76.0,5.0,0.1
73.4,8.7,62.0,32,67.0,62.0,0.1
73.6,8.27,71.0,78,73.0,71.0,0.1
73.6,7.92,88.0,0,8.0,87.0,0.1
73.3,7.55,82.0,0,83.0,86.0,0.1
72.4,6.3,72.0,0,86.0,68.0,0.1
73.1,6.89,6.0,2392,81.0,65.0,0.1
72.5,8.05,53.0,115,87.0,7.0,0.1
72.5,8.01,5.0,22,86.0,77.0,0.1
76.0,3.755,97.0,256,97.0,97.0,0.1
75.9,4.09,95.0,15033,96.0,95.0,0.1
75.7,4.0,59.0,1123,93.0,59.0,0.1
75.6,4.12,97.0,578,97.0,97.0,0.1
75.4,3.94,95.0,750,96.0,95.0,0.1
75.2,3.93,88.0,2809,94.0,93.0,0.1
75.0,3.86,94.0,6582,97.0,96.0,0.1
74.9,3.58,87.0,352,93.0,93.0,0.2
74.7,3.01,67.0,17,92.0,92.0,0.2
74.6,2.56,93.0,1978,94.0,94.0,0.2
74.4,2.7,94.0,410,94.0,95.0,0.2
74.2,2.86,94.0,217,96.0,96.0,0.2
74.0,2.19,78.0,2297,96.0,99.0,0.2
73.8,2.03,92.0,6755,92.0,75.0,0.2
73.6,1.84,92.0,12058,96.0,96.0,0.1
73.4,1.6,92.0,16512,96.0,96.0,0.1
65.7,3.755,69.0,468,63.0,69.0,0.1
65.4,0.01,73.0,815,67.0,73.0,0.1
65.4,0.04,73.0,400,67.0,73.0,0.1
64.7,0.04,67.0,2177,68.0,67.0,0.1
64.6,0.04,69.0,2676,69.0,69.0,0.1
64.4,0.06,76.0,510,77.0,76.0,0.1
64.1,0.03,76.0,130,76.0,76.0,0.1
63.8,0.04,78.0,7,78.0,78.0,0.1
63.4,0.05,79.0,13,79.0,79.0,0.1
63.0,0.04,78.0,8079,78.0,78.0,0.1
62.6,0.04,8.0,6285,8.0,79.0,0.1
62.2,0.06,43.0,12708,72.0,72.0,0.1
61.9,0.04,38.0,8536,61.0,61.0,0.1
61.5,0.07,31.0,890,64.0,65.0,0.1
61.1,0.08,19.0,485,73.0,73.0,0.1
68.0,0.07,14.0,0,74.0,74.0,0.1
61.8,3.755,9.0,9,9.0,9.0,4.1
61.1,0.01,86.0,9,78.0,86.0,4.3
63.0,2.41,79.0,35,74.0,79.0,4.8
59.2,2.59,78.0,896,7.0,78.0,5.6
58.2,2.57,81.0,13234,83.0,81.0,6.3
58.0,2.47,83.0,15754,8.0,83.0,6.8
57.4,2.3,94.0,26,93.0,94.0,9.1
55.7,2.12,87.0,140,9.0,87.0,11.9
52.6,2.08,8.0,535,77.0,8.0,13.6
58.0,2.25,81.0,459,83.0,81.0,15.9
49.3,2.33,82.0,45,84.0,82.0,17.0
47.9,2.46,92.0,35,84.0,83.0,17.6
46.4,2.33,92.0,881,85.0,83.0,18.2
45.5,2.44,92.0,25036,85.0,84.0,18.4
44.6,2.61,92.0,16997,86.0,85.0,18.6
43.8,2.62,92.0,30930,85.0,85.0,18.7
67.0,3.755,87.0,0,88.0,87.0,6.2
59.2,6.5,91.0,0,92.0,91.0,6.3
58.0,6.39,95.0,0,95.0,95.0,6.8
56.6,6.09,97.0,0,95.0,95.0,8.8
54.9,6.0,94.0,0,93.0,93.0,13.3
52.4,5.21,9.0,9696,89.0,89.0,15.7
50.0,4.64,73.0,853,69.0,73.0,18.1
48.2,3.56,75.0,0,75.0,75.0,20.5
46.6,3.88,72.0,242,73.0,73.0,23.7
45.4,4.57,68.0,212,71.0,7.0,26.8
44.6,4.14,65.0,420,69.0,68.0,30.3
44.3,4.36,68.0,31,67.0,65.0,33.6
44.5,4.06,7.0,998,7.0,68.0,36.7
44.8,4.43,73.0,304,73.0,71.0,39.8
45.3,1.72,76.0,529,76.0,75.0,42.1
46.0,1.68,79.0,1483,78.0,78.0,43.5
